id,jumlah_pengajaran,dosen_id,matakuliah_id,perguruantinggi_id
1,7,1,1,1
2,6,1,2,1
3,5,1,3,1
4,8,1,4,1
5,7,1,5,1
6,9,1,6,1
7,1,1,7,4
8,1,1,8,1
9,2,1,9,1
10,1,1,10,1
11,2,1,11,1
12,1,1,12,1
13,13,2,13,1
14,9,2,14,1
15,17,2,15,1
16,7,2,16,1
17,9,2,17,1
18,16,2,18,1
19,6,2,19,1
20,3,2,20,1
21,6,2,21,1
22,2,2,22,1
23,7,2,23,1
24,6,2,24,1
25,1,2,25,1
26,6,2,26,1
27,11,2,27,1
28,3,2,28,1
29,1,2,29,1
30,10,2,30,1
31,4,2,1,1
32,3,2,31,1
33,6,2,32,1
34,3,2,33,1
35,14,2,34,1
36,3,2,35,1
37,1,2,36,1
38,4,2,37,1
39,1,2,38,1
40,3,2,39,1
41,3,2,40,1
42,3,2,41,1
43,7,2,42,1
44,3,2,43,1
45,2,2,44,1
46,7,2,45,1
47,2,2,46,1
48,2,2,47,1
49,4,2,48,1
50,5,2,49,1
51,3,2,50,1
52,1,2,51,1
53,1,2,52,1
54,2,2,53,1
55,1,2,54,1
56,1,2,55,1
57,1,2,56,1
58,1,2,57,1
59,1,2,58,1
60,3,2,59,1
61,1,2,10,1
62,3,2,60,1
63,3,2,61,1
64,1,2,62,1
65,1,2,63,1
66,1,2,64,1
67,1,2,65,1
68,1,2,66,1
69,1,2,67,1
70,2,2,68,1
71,3,2,69,1
72,1,2,70,1
73,2,2,71,1
74,1,2,72,1
75,2,2,73,1
76,1,2,74,1
77,2,2,75,1
78,7,3,76,1
79,4,3,77,1
80,1,3,21,1
81,2,3,78,1
82,2,3,79,1
83,1,3,80,1
84,1,3,81,1
85,1,3,82,1
86,4,3,83,1
87,1,3,7,4
88,3,3,8,1
89,7,3,84,1
90,3,3,85,1
91,2,3,86,1
92,2,3,87,1
93,5,3,88,1
94,1,3,89,1
95,1,3,90,1
96,2,3,91,1
97,1,3,47,1
98,2,3,92,1
99,1,3,93,1
100,1,4,94,1
101,5,4,31,1
102,4,4,95,1
103,1,4,96,1
104,2,4,97,1
105,3,4,98,1
106,2,4,99,1
107,1,4,100,1
108,1,4,101,1
109,5,4,102,1
110,1,4,103,1
111,1,4,104,1
112,5,4,66,1
113,17,5,105,1
114,6,5,106,1
115,3,5,107,1
116,2,5,108,1
117,4,5,109,1
118,19,5,110,1
119,3,5,111,1
120,1,5,112,7
121,1,5,113,7
122,3,5,114,1
123,2,5,115,1
124,1,6,116,8
125,14,7,98,1
126,1,7,117,1
127,14,7,31,1
128,2,7,118,1
129,2,7,87,1
130,1,7,119,1
131,1,7,120,1
132,5,7,102,1
133,2,7,121,1
134,1,7,122,1
135,1,7,123,1
136,5,7,66,1
137,1,7,124,1
138,1,7,89,1
139,1,8,116,8
140,4,9,85,1
141,1,9,21,1
142,3,9,13,1
143,2,9,125,1
144,6,9,37,1
145,3,9,30,1
146,1,9,126,1
147,2,9,84,1
148,3,9,127,1
149,1,9,128,1
150,4,9,28,1
151,1,9,95,1
152,1,9,33,1
153,2,9,42,1
154,6,9,31,1
155,4,9,87,1
156,1,9,129,1
157,3,9,130,1
158,2,9,131,1
159,1,9,132,1
160,2,9,39,1
161,1,9,29,1
162,8,9,82,1
163,4,9,133,1
164,9,9,8,1
165,1,9,134,1
166,3,9,98,1
167,2,9,135,1
168,1,9,120,1
169,4,9,136,1
170,2,9,137,1
171,1,9,138,1
172,3,9,139,1
173,4,9,140,1
174,1,9,141,1
175,9,9,142,1
176,4,9,143,1
177,1,9,144,1
178,1,9,145,1
179,1,9,146,1
180,1,9,48,1
181,1,9,147,1
182,4,9,76,1
183,3,9,148,1
184,13,9,49,1
185,2,9,149,1
186,4,9,150,1
187,3,9,151,1
188,2,9,152,12
189,1,9,153,1
190,1,9,154,1
191,4,9,83,1
192,1,9,119,1
193,1,9,155,1
194,3,9,24,1
195,3,9,156,1
196,2,9,74,1
197,1,9,93,1
198,1,9,157,1
199,1,9,62,1
200,1,9,158,1
201,1,9,159,1
202,1,9,160,1
203,1,9,5,1
204,1,9,161,1
205,2,9,162,1
206,2,9,163,1
207,1,9,164,1
208,1,9,165,1
209,1,9,166,1
210,5,10,8,1
211,2,10,167,1
212,3,10,168,1
213,7,10,169,1
214,7,10,170,1
215,2,10,171,1
216,3,10,172,1
217,2,10,173,1
218,4,10,174,1
219,1,10,175,14
220,6,10,55,1
221,5,10,176,1
222,5,10,177,1
223,5,10,110,1
224,1,10,46,1
225,5,10,117,1
226,3,10,135,1
227,1,10,178,1
228,3,10,179,1
229,3,10,180,1
230,1,10,82,1
231,2,10,181,1
232,2,10,182,1
233,1,10,183,1
234,1,10,28,1
235,1,11,4,1
236,2,11,184,1
237,2,11,185,1
238,1,11,186,1
239,1,11,187,1
240,1,11,156,1
241,16,12,188,1
242,5,12,189,1
243,1,12,190,1
244,3,12,191,1
245,1,12,192,1
246,3,12,193,1
247,1,12,194,1
248,1,12,159,1
249,7,12,195,1
250,7,12,196,1
251,1,12,197,1
252,1,12,198,1
253,2,12,199,1
254,1,12,7,4
255,2,12,8,1
256,4,12,200,1
257,1,12,201,17
258,2,12,202,1
259,2,12,203,1
260,1,12,133,1
261,2,13,107,1
262,1,13,204,1
263,3,13,205,1
264,2,13,109,1
265,6,13,206,1
266,1,13,207,1
267,4,13,208,1
268,1,13,209,1
269,2,13,210,1
270,1,13,105,1
271,4,13,211,1
272,2,14,212,1
273,4,14,197,1
274,3,14,195,1
275,3,14,170,1
276,3,14,173,1
277,2,14,110,1
278,10,14,213,1
279,2,14,177,1
280,3,14,172,1
281,1,14,214,4
282,5,14,215,1
283,2,14,216,1
284,2,14,217,1
285,1,14,218,1
286,1,15,116,8
287,1,16,219,22
288,5,16,220,23
289,1,16,221,23
290,2,16,222,23
291,4,16,223,22
292,8,16,224,24
293,3,16,72,1
294,1,16,225,1
295,7,16,226,24
296,4,16,227,1
297,18,16,49,1
298,2,16,228,1
299,5,16,229,22
300,6,16,230,24
301,2,16,231,25
302,2,16,232,26
303,5,16,13,1
304,1,16,233,1
305,1,16,234,27
306,1,16,235,25
307,4,16,66,1
308,2,16,42,1
309,1,16,33,1
310,1,16,1,1
311,3,16,37,1
312,1,16,134,1
313,2,16,39,1
314,2,16,30,1
315,1,16,125,1
316,1,16,236,1
317,2,16,237,26
318,3,16,238,1
319,1,16,239,1
320,2,16,240,1
321,1,16,241,1
322,5,16,242,1
323,3,16,243,1
324,5,16,29,1
325,1,16,244,1
326,2,16,27,1
327,1,16,245,1
328,2,16,246,1
329,2,16,247,1
330,1,16,248,1
331,2,16,249,1
332,1,16,250,1
333,1,16,251,1
334,1,16,252,1
335,11,16,32,1
336,1,16,133,1
337,2,16,48,1
338,2,16,253,1
339,1,16,213,1
340,3,16,254,1
341,1,16,35,1
342,1,16,5,1
343,2,16,255,1
344,1,16,34,1
345,1,16,256,1
346,1,16,257,1
347,1,16,110,1
348,1,16,258,1
349,1,16,259,1
350,1,16,260,1
351,1,16,55,1
352,1,16,135,1
353,1,16,195,1
354,1,16,31,1
355,1,16,261,1
356,1,16,262,1
357,1,16,82,1
358,1,16,263,1
359,1,16,264,1
360,1,16,265,1
361,1,16,36,1
362,1,16,266,1
363,16,16,267,26
364,1,16,268,22
365,1,16,269,22
366,5,16,103,1
367,5,16,270,1
368,1,16,214,4
369,6,16,271,24
370,3,16,119,1
371,3,16,272,1
372,4,16,273,1
373,1,16,274,24
374,1,16,176,28
375,1,16,275,28
376,1,16,276,28
377,5,16,277,28
378,1,16,278,1
379,4,16,279,28
380,1,16,26,1
381,17,16,280,29
382,5,16,102,1
383,2,16,93,1
384,1,16,281,1
385,1,16,282,26
386,2,16,283,1
387,2,16,284,1
388,1,16,100,1
389,1,16,157,1
390,1,16,285,1
391,1,16,217,1
392,1,16,286,26
393,4,16,287,26
394,1,16,288,29
395,3,16,289,26
396,1,16,290,26
397,1,16,291,26
398,1,17,116,8
399,5,18,31,1
400,3,18,46,1
401,1,18,110,1
402,2,18,53,1
403,20,19,292,1
404,3,19,117,1
405,2,19,105,1
406,23,19,293,1
407,4,19,108,1
408,5,19,294,1
409,4,19,295,1
410,5,19,296,1
411,2,19,297,1
412,7,20,298,1
413,11,20,299,1
414,13,20,300,1
415,1,20,301,1
416,2,20,302,1
417,1,20,303,1
418,1,20,156,1
419,4,20,31,1
420,10,20,98,1
421,12,20,120,1
422,2,20,304,1
423,3,20,305,1
424,1,20,306,1
425,2,20,307,1
426,1,20,308,1
427,10,21,66,1
428,1,21,257,1
429,1,21,143,1
430,7,21,98,1
431,5,21,309,1
432,4,21,95,1
433,7,21,233,1
434,3,21,120,1
435,2,21,310,1
436,1,21,306,1
437,5,21,88,1
438,2,21,213,1
439,1,21,156,1
440,4,21,91,1
441,2,21,6,1
442,5,21,129,1
443,1,21,74,1
444,4,22,311,35
445,4,22,312,35
446,2,22,236,35
447,2,22,313,35
448,9,22,314,1
449,10,22,4,1
450,3,22,315,35
451,4,22,316,1
452,2,22,317,1
453,1,22,318,35
454,1,22,147,35
455,1,22,65,35
456,1,22,117,35
457,1,22,319,35
458,1,22,320,35
459,1,22,321,35
460,15,22,50,1
461,2,22,322,35
462,2,22,323,35
463,2,22,324,35
464,1,22,325,1
465,3,22,326,1
466,1,22,327,1
467,7,22,83,1
468,8,22,149,1
469,2,22,328,35
470,5,22,211,1
471,7,22,329,1
472,5,22,330,1
473,2,22,331,36
474,2,22,28,1
475,3,22,332,1
476,2,22,333,1
477,3,22,334,1
478,3,22,335,1
479,2,22,336,1
480,1,22,337,1
481,2,22,338,1
482,1,22,339,1
483,3,22,340,1
484,1,22,341,1
485,1,22,342,1
486,3,23,205,1
487,6,23,343,1
488,5,23,204,1
489,6,23,20,1
490,1,23,344,1
491,7,23,345,1
492,5,23,346,1
493,4,23,347,1
494,4,23,348,1
495,2,23,349,1
496,4,23,91,1
497,2,23,350,1
498,2,23,351,1
499,1,24,116,8
500,8,25,352,1
501,11,25,353,1
502,9,25,354,1
503,10,25,313,1
504,5,25,355,1
505,1,25,327,1
506,1,25,331,40
507,1,25,356,40
508,8,25,357,40
509,23,25,248,1
510,4,25,358,1
511,4,25,159,1
512,2,25,359,1
513,5,25,68,1
514,25,26,49,1
515,15,26,291,1
516,6,26,21,1
517,5,26,13,1
518,2,26,72,1
519,2,26,228,1
520,1,26,273,1
521,6,26,26,1
522,3,26,120,1
523,20,26,31,1
524,2,26,130,1
525,1,26,270,1
526,3,26,95,1
527,2,26,360,1
528,5,26,102,1
529,5,26,66,1
530,1,26,123,1
531,1,26,121,1
532,5,27,41,1
533,6,27,111,1
534,5,27,361,1
535,3,27,362,1
536,3,27,50,1
537,1,27,46,1
538,2,27,363,1
539,4,27,88,1
540,2,27,364,1
541,2,27,365,1
542,3,27,31,1
543,1,28,116,8
544,1,29,116,8
545,3,30,155,1
546,3,30,366,1
547,2,30,74,1
548,1,30,117,1
549,1,30,367,1
550,2,30,300,1
551,4,30,368,1
552,3,30,369,1
553,1,30,370,1
554,3,30,118,1
555,6,30,371,1
556,13,30,372,1
557,1,30,373,1
558,4,30,374,1
559,2,30,375,1
560,1,30,376,1
561,1,30,127,1
562,1,30,377,1
563,1,30,378,1
564,5,31,379,1
565,11,31,84,1
566,14,31,87,1
567,10,31,66,1
568,1,31,86,1
569,1,31,117,1
570,16,31,98,1
571,24,31,31,1
572,1,31,74,1
573,2,31,123,1
574,1,31,122,1
575,2,31,135,1
576,1,31,380,1
577,11,32,174,1
578,13,32,239,1
579,12,32,381,1
580,1,32,195,1
581,6,32,55,1
582,10,32,382,1
583,1,32,383,44
584,1,32,110,1
585,1,32,384,45
586,3,32,385,1
587,5,32,102,1
588,5,32,66,1
589,1,32,386,1
590,1,32,217,1
591,5,32,387,46
592,4,32,388,46
593,5,33,389,22
594,6,33,390,47
595,8,33,391,47
596,13,33,392,47
597,4,33,393,47
598,11,33,394,47
599,7,33,218,24
600,5,33,395,1
601,8,33,396,1
602,8,33,173,1
603,8,33,397,1
604,9,33,271,24
605,3,33,398,47
606,1,33,399,47
607,3,33,400,47
608,1,33,401,22
609,12,33,402,47
610,2,33,403,47
611,1,33,8,22
612,1,33,170,1
613,7,33,404,24
614,1,33,405,47
615,5,33,406,47
616,1,33,407,47
617,2,33,168,1
618,9,33,408,1
619,1,33,409,47
620,3,33,410,47
621,5,33,411,47
622,1,33,412,47
623,7,33,269,47
624,8,33,413,47
625,7,33,414,47
626,7,33,415,47
627,3,33,416,47
628,2,33,417,47
629,25,33,418,47
630,2,33,419,47
631,3,33,420,47
632,1,33,120,48
633,1,33,421,48
634,2,33,422,47
635,1,33,423,47
636,8,33,424,1
637,1,33,59,1
638,1,33,334,1
639,1,33,110,1
640,6,33,425,1
641,9,33,307,1
642,5,33,426,47
643,6,33,427,47
644,2,33,428,47
645,6,33,429,47
646,12,33,430,1
647,12,33,431,1
648,1,33,432,47
649,6,33,433,47
650,4,33,434,47
651,5,33,435,47
652,4,33,436,47
653,1,33,437,47
654,4,33,438,47
655,4,33,439,1
656,1,33,216,1
657,2,33,440,1
658,1,33,441,47
659,1,33,442,47
660,4,33,443,47
661,4,33,444,47
662,2,33,445,47
663,10,33,446,47
664,4,33,447,47
665,8,33,448,47
666,4,33,449,47
667,1,33,450,47
668,1,33,451,47
669,4,34,369,1
670,1,34,117,1
671,2,34,135,1
672,24,34,31,1
673,9,34,425,1
674,2,34,118,1
675,6,34,452,1
676,2,34,98,1
677,1,34,155,1
678,3,34,110,1
679,5,34,102,1
680,5,34,66,1
681,1,35,453,50
682,4,35,454,50
683,1,35,455,50
684,1,35,456,50
685,1,35,457,50
686,1,35,458,50
687,1,35,459,50
688,1,35,460,50
689,17,35,31,1
690,4,35,98,1
691,4,35,452,1
692,1,35,46,1
693,4,35,117,1
694,5,35,382,1
695,4,35,155,1
696,1,35,199,1
697,1,35,161,1
698,8,35,102,1
699,1,35,164,1
700,1,35,425,1
701,1,35,376,1
702,1,35,369,1
703,1,36,461,51
704,4,36,462,51
705,12,36,463,1
706,3,36,11,1
707,8,36,464,1
708,5,36,13,1
709,7,36,465,1
710,9,36,21,1
711,3,36,466,51
712,4,36,467,1
713,2,36,468,1
714,1,36,469,51
715,1,36,470,51
716,1,36,471,52
717,1,36,472,51
718,1,36,473,51
719,1,36,474,51
720,1,36,475,1
721,6,36,476,1
722,1,36,477,51
723,1,36,478,51
724,1,36,479,51
725,2,36,480,53
726,8,36,481,1
727,1,36,482,54
728,1,36,342,1
729,2,36,483,1
730,4,37,484,22
731,4,37,485,22
732,7,37,486,1
733,7,37,487,1
734,5,37,488,1
735,7,37,225,1
736,3,37,150,1
737,5,37,489,1
738,4,37,171,1
739,1,37,336,1
740,1,37,490,1
741,12,37,159,1
742,5,37,491,1
743,1,37,492,1
744,5,37,493,1
745,12,37,494,1
746,4,37,495,1
747,2,37,8,1
748,2,37,496,1
749,2,37,497,1
750,3,37,309,1
751,2,37,97,1
752,2,37,498,1
753,2,37,119,1
754,1,37,499,1
755,2,37,82,1
756,1,37,500,1
757,1,37,501,1
758,1,37,64,1
759,1,37,5,1
760,1,38,502,1
761,2,38,367,1
762,3,38,117,1
763,13,38,1,1
764,3,38,3,1
765,7,38,503,1
766,2,38,504,1
767,3,38,505,57
768,2,38,506,57
769,1,39,116,8
770,5,40,126,1
771,5,40,507,1
772,9,40,236,1
773,8,40,155,1
774,4,40,508,1
775,2,40,194,1
776,8,40,509,1
777,2,40,8,1
778,2,40,300,1
779,6,40,510,1
780,2,40,83,1
781,2,40,199,1
782,1,40,118,1
783,1,40,511,1
784,1,40,153,1
785,1,40,117,1
786,5,40,512,1
787,5,40,513,1
788,5,40,514,1
789,8,40,515,1
790,5,40,516,1
791,7,40,517,1
792,4,40,518,1
793,5,40,519,1
794,5,40,520,1
795,5,40,466,1
796,5,40,521,1
797,3,40,522,1
798,2,40,523,1
799,2,40,369,1
800,1,40,161,1
801,1,40,31,1
802,5,41,31,1
803,2,41,98,1
804,4,41,102,1
805,1,41,510,1
806,1,41,524,1
807,2,41,133,1
808,2,41,523,1
809,1,41,135,1
810,2,41,72,1
811,1,41,378,1
812,7,42,525,1
813,9,42,302,1
814,7,42,301,1
815,1,42,526,52
816,14,42,49,1
817,5,42,135,1
818,2,42,367,1
819,2,42,527,60
820,16,42,257,60
821,1,42,528,60
822,19,42,98,1
823,11,42,95,1
824,19,42,529,60
825,4,42,530,60
826,2,42,130,1
827,3,42,180,1
828,7,42,102,1
829,2,42,118,1
830,2,42,308,1
831,1,42,531,1
832,1,42,104,1
833,4,42,381,60
834,1,42,532,60
835,5,43,218,1
836,11,43,21,1
837,5,43,533,1
838,7,43,117,1
839,10,43,5,1
840,6,43,534,1
841,6,43,535,1
842,5,43,536,1
843,14,43,537,1
844,10,43,538,1
845,4,43,539,1
846,6,43,540,1
847,1,43,541,1
848,9,43,332,1
849,6,43,542,1
850,2,43,543,1
851,2,43,544,1
852,1,43,545,1
853,6,44,66,1
854,1,44,366,1
855,22,44,31,1
856,7,44,546,1
857,6,44,1,1
858,2,44,135,1
859,4,44,385,1
860,3,44,524,1
861,5,44,43,1
862,3,44,242,1
863,2,44,134,1
864,3,44,133,1
865,5,44,243,1
866,10,44,32,1
867,4,44,39,1
868,1,44,262,1
869,2,44,29,1
870,14,44,45,1
871,1,44,144,1
872,2,44,120,1
873,13,44,98,1
874,4,44,33,1
875,2,44,147,1
876,6,44,37,1
877,10,44,30,1
878,1,44,253,1
879,9,44,27,1
880,4,44,452,1
881,4,44,65,1
882,15,44,34,1
883,1,44,36,1
884,4,44,20,1
885,5,44,117,1
886,6,44,52,1
887,6,44,53,1
888,1,44,38,1
889,7,44,42,1
890,1,44,547,1
891,6,44,548,1
892,1,44,258,1
893,1,44,51,1
894,1,44,549,1
895,2,44,54,1
896,1,44,44,1
897,3,44,177,1
898,1,44,550,1
899,1,44,249,1
900,2,44,118,1
901,4,44,382,1
902,4,44,48,1
903,1,44,551,1
904,1,44,552,1
905,1,44,553,1
906,2,44,153,1
907,2,44,57,1
908,2,44,87,1
909,1,44,4,1
910,1,44,84,1
911,1,44,150,1
912,1,44,300,1
913,1,44,510,1
914,1,44,199,1
915,2,44,368,1
916,1,44,178,1
917,2,44,306,1
918,1,44,305,1
919,1,44,554,1
920,1,44,555,1
921,2,44,121,1
922,1,44,523,1
923,1,44,188,1
924,1,44,123,1
925,1,44,155,1
926,1,44,122,1
927,1,44,380,1
928,1,44,556,1
929,1,44,72,1
930,1,44,378,1
931,1,44,35,1
932,2,44,68,1
933,2,44,182,1
934,1,44,557,1
935,1,44,91,1
936,1,44,70,1
937,1,44,124,1
938,1,44,558,1
939,1,44,216,1
940,1,44,511,1
941,1,44,246,1
942,3,45,135,1
943,4,45,559,1
944,3,45,560,1
945,4,45,561,1
946,4,45,562,1
947,17,45,111,1
948,11,45,563,1
949,9,45,8,1
950,4,45,108,1
951,3,45,361,1
952,1,45,149,1
953,1,45,83,1
954,4,45,564,1
955,4,45,31,1
956,4,45,88,1
957,3,45,365,1
958,3,45,363,1
959,2,45,565,1
960,1,46,566,1
961,4,46,567,1
962,4,46,568,1
963,3,46,569,1
964,6,46,174,1
965,4,46,111,1
966,2,46,109,1
967,2,46,570,1
968,1,46,107,1
969,11,46,110,1
970,4,46,55,1
971,5,46,521,1
972,5,46,466,1
973,3,46,571,1
974,5,46,20,64
975,1,46,142,1
976,1,46,143,1
977,1,46,572,1
978,1,46,151,1
979,2,46,573,1
980,1,46,574,1
981,2,46,575,1
982,1,46,139,1
983,3,46,576,1
984,3,46,577,1
985,6,46,578,1
986,6,46,579,1
987,6,46,580,1
988,6,46,581,1
989,3,46,582,1
990,3,46,583,1
991,2,46,173,1
992,3,46,584,1
993,1,46,585,1
994,1,46,586,1
995,2,46,587,1
996,2,47,588,1
997,2,47,589,1
998,10,47,17,1
999,1,47,5,1
1000,3,47,174,1
1001,2,47,49,1
1002,3,47,297,1
1003,1,47,327,1
1004,3,47,110,1
1005,5,47,590,1
1006,6,47,591,1
1007,8,47,98,1
1008,1,47,55,1
1009,2,47,74,1
1010,2,47,1,1
1011,2,47,592,65
1012,7,48,41,1
1013,24,48,87,1
1014,14,48,373,1
1015,1,48,303,1
1016,1,48,74,1
1017,4,48,593,1
1018,5,48,510,1
1019,2,48,130,1
1020,2,48,217,1
1021,2,48,284,1
1022,3,48,281,1
1023,2,48,594,1
1024,1,48,360,1
1025,2,48,371,1
1026,1,48,305,1
1027,1,48,595,1
1028,2,49,502,1
1029,1,49,2,1
1030,7,49,120,1
1031,7,49,596,1
1032,6,49,4,1
1033,6,49,597,1
1034,2,49,3,1
1035,2,49,309,1
1036,6,49,598,1
1037,3,49,300,1
1038,1,49,504,1
1039,1,49,5,1
1040,2,49,53,1
1041,4,49,1,1
1042,2,49,599,1
1043,3,49,554,1
1044,2,49,373,1
1045,1,49,50,1
1046,4,49,62,1
1047,2,49,600,1
1048,2,49,25,1
1049,1,49,11,1
1050,2,50,601,68
1051,2,50,527,68
1052,11,50,602,68
1053,2,50,603,68
1054,3,50,604,68
1055,17,50,505,68
1056,1,50,446,68
1057,1,50,605,68
1058,1,50,606,4
1059,1,50,122,68
1060,2,50,607,68
1061,2,50,1,68
1062,6,50,608,68
1063,7,50,609,68
1064,1,50,610,68
1065,3,50,611,68
1066,1,50,612,68
1067,5,50,613,68
1068,1,50,614,68
1069,4,50,615,68
1070,2,50,616,68
1071,2,50,617,68
1072,2,50,618,68
1073,1,50,619,68
1074,2,50,620,68
1075,2,50,621,68
1076,1,50,622,68
1077,2,51,87,68
1078,1,51,623,68
1079,1,51,618,68
1080,2,51,624,68
1081,2,51,602,68
1082,4,51,625,68
1083,6,51,608,68
1084,1,51,611,68
1085,4,51,626,68
1086,1,51,627,68
1087,1,51,628,68
1088,6,52,66,68
1089,5,52,629,68
1090,3,52,630,68
1091,3,52,631,68
1092,3,52,188,68
1093,1,52,527,68
1094,2,52,632,68
1095,2,52,633,68
1096,1,52,634,68
1097,3,53,635,68
1098,5,53,636,68
1099,3,53,609,68
1100,7,53,257,68
1101,4,53,630,68
1102,2,53,122,68
1103,1,53,637,68
1104,2,54,618,68
1105,4,54,638,68
1106,13,54,626,68
1107,20,54,639,68
1108,2,54,640,68
1109,2,54,641,27
1110,6,54,625,68
1111,5,54,642,68
1112,3,54,257,68
1113,1,54,643,27
1114,2,54,122,68
1115,1,54,644,69
1116,4,54,615,68
1117,1,54,645,68
1118,1,54,646,68
1119,2,54,633,68
1120,3,54,634,68
1121,2,54,647,68
1122,3,54,628,68
1123,2,54,201,68
1124,2,54,505,68
1125,1,54,621,68
1126,1,55,648,70
1127,4,55,49,70
1128,1,55,373,68
1129,3,55,610,68
1130,1,55,649,68
1131,38,55,87,68
1132,1,55,443,68
1133,1,55,637,68
1134,1,55,650,4
1135,1,55,651,68
1136,4,55,652,68
1137,2,55,653,68
1138,1,55,654,68
1139,1,55,655,68
1140,4,55,635,68
1141,2,55,20,68
1142,8,55,630,68
1143,1,55,656,68
1144,2,55,627,68
1145,2,55,633,68
1146,2,55,657,68
1147,2,55,658,68
1148,2,55,201,68
1149,1,55,659,68
1150,4,55,660,68
1151,4,55,661,68
1152,2,55,626,68
1153,2,55,444,68
1154,1,55,618,68
1155,1,55,505,68
1156,2,56,609,68
1157,2,56,20,68
1158,6,56,637,68
1159,3,56,626,68
1160,4,56,608,68
1161,1,56,630,68
1162,5,57,374,68
1163,2,57,662,68
1164,4,57,637,68
1165,2,57,87,68
1166,3,57,49,68
1167,2,57,373,68
1168,3,58,257,68
1169,2,58,87,68
1170,1,58,374,68
1171,4,58,636,68
1172,3,58,637,68
1173,6,58,527,68
1174,4,58,609,68
1175,1,58,663,68
1176,2,58,602,68
1177,6,58,620,68
1178,2,58,617,68
1179,3,58,664,68
1180,4,58,188,68
1181,5,58,660,68
1182,1,58,630,68
1183,1,58,622,68
1184,3,59,290,68
1185,2,59,665,68
1186,13,59,666,51
1187,2,59,667,68
1188,2,59,668,51
1189,1,59,669,51
1190,3,59,670,51
1191,5,59,671,68
1192,2,59,629,68
1193,2,59,672,51
1194,1,59,673,51
1195,3,59,674,51
1196,1,59,675,68
1197,3,59,676,51
1198,1,59,677,51
1199,1,59,650,4
1200,1,59,678,72
1201,1,59,679,72
1202,1,59,680,51
1203,1,59,681,51
1204,7,59,87,68
1205,3,59,637,68
1206,7,59,374,68
1207,3,59,682,68
1208,6,59,633,68
1209,3,59,373,68
1210,3,60,257,68
1211,2,60,624,68
1212,1,60,408,68
1213,2,60,637,68
1214,1,60,683,68
1215,1,60,684,68
1216,1,60,1,68
1217,1,61,624,68
1218,4,61,685,68
1219,20,61,634,68
1220,1,61,237,68
1221,55,61,257,68
1222,3,61,608,68
1223,30,61,649,68
1224,1,61,87,68
1225,1,61,505,68
1226,12,61,637,68
1227,1,61,686,68
1228,13,61,642,68
1229,2,61,443,68
1230,1,61,610,68
1231,6,61,687,68
1232,3,61,688,68
1233,1,61,689,68
1234,2,61,633,68
1235,10,61,66,68
1236,3,61,632,68
1237,2,61,527,68
1238,3,61,602,68
1239,3,62,637,68
1240,7,62,627,68
1241,3,62,636,68
1242,4,62,690,68
1243,2,62,633,68
1244,2,62,663,68
1245,3,62,691,68
1246,1,62,616,68
1247,6,62,620,68
1248,2,62,617,68
1249,3,62,664,68
1250,1,62,195,68
1251,1,62,201,68
1252,2,62,662,68
1253,2,62,660,68
1254,3,62,444,68
1255,1,63,527,75
1256,3,63,692,75
1257,2,63,693,75
1258,1,63,649,68
1259,24,64,87,68
1260,1,64,694,68
1261,1,64,689,68
1262,20,64,637,68
1263,2,64,695,68
1264,10,64,374,68
1265,9,64,627,68
1266,2,64,1,68
1267,4,64,49,68
1268,2,64,625,68
1269,1,64,195,68
1270,1,65,237,68
1271,1,65,696,76
1272,2,65,697,76
1273,2,65,20,68
1274,2,65,698,68
1275,4,65,699,76
1276,19,65,637,68
1277,1,65,700,68
1278,11,65,638,68
1279,39,65,629,68
1280,1,65,689,68
1281,4,65,257,68
1282,1,65,701,68
1283,2,65,683,68
1284,1,65,87,68
1285,2,65,682,68
1286,1,66,287,77
1287,4,66,649,68
1288,5,66,257,68
1289,5,66,602,68
1290,14,66,637,68
1291,11,66,527,68
1292,4,66,656,68
1293,2,66,408,68
1294,4,66,702,68
1295,3,66,630,68
1296,1,66,695,68
1297,1,66,703,68
1298,1,66,704,68
1299,1,66,308,68
1300,1,66,705,68
1301,1,66,1,68
1302,1,66,706,68
1303,1,66,707,68
1304,1,66,708,78
1305,2,66,709,68
1306,15,67,624,68
1307,4,67,642,68
1308,1,67,671,68
1309,2,67,710,27
1310,19,67,257,68
1311,22,67,637,68
1312,3,67,701,68
1313,2,67,649,68
1314,1,67,711,80
1315,1,67,712,80
1316,3,67,713,80
1317,12,67,633,68
1318,2,67,714,81
1319,1,67,715,81
1320,2,67,1,68
1321,1,67,716,82
1322,3,67,717,68
1323,4,67,718,68
1324,6,67,683,68
1325,1,67,682,68
1326,2,68,527,68
1327,16,68,637,68
1328,4,68,649,68
1329,1,68,469,68
1330,2,68,374,68
1331,8,68,257,68
1332,8,68,87,68
1333,3,68,627,68
1334,1,68,633,68
1335,2,68,683,68
1336,1,69,719,84
1337,2,69,720,10
1338,5,69,721,10
1339,1,69,722,10
1340,7,69,276,10
1341,3,69,723,10
1342,4,69,290,10
1343,4,69,724,10
1344,1,69,1,10
1345,2,69,725,10
1346,1,69,726,10
1347,1,69,727,10
1348,5,69,280,10
1349,2,69,728,10
1350,8,69,174,10
1351,15,69,729,10
1352,9,69,167,10
1353,5,69,730,10
1354,13,69,731,10
1355,7,69,732,10
1356,3,69,201,10
1357,2,69,733,10
1358,1,69,734,10
1359,11,69,735,10
1360,5,69,736,10
1361,4,69,737,10
1362,1,69,738,10
1363,5,69,739,10
1364,4,69,629,10
1365,3,69,610,10
1366,1,69,380,10
1367,3,69,740,10
1368,7,69,741,10
1369,1,69,742,10
1370,2,69,743,10
1371,1,69,744,10
1372,1,69,745,10
1373,4,69,746,10
1374,1,69,747,10
1375,1,69,748,10
1376,3,69,749,10
1377,1,69,750,10
1378,1,69,751,10
1379,1,69,374,85
1380,2,69,752,10
1381,2,69,753,10
1382,9,69,754,10
1383,3,69,755,10
1384,2,69,756,10
1385,2,69,757,10
1386,1,70,758,10
1387,6,70,759,10
1388,3,70,610,10
1389,6,70,760,10
1390,1,70,731,10
1391,4,70,761,10
1392,4,70,762,10
1393,1,70,763,10
1394,1,70,764,10
1395,3,70,120,10
1396,2,70,765,10
1397,7,71,75,19
1398,1,71,766,19
1399,1,71,767,19
1400,1,71,768,19
1401,1,71,769,19
1402,1,71,770,19
1403,1,71,771,19
1404,1,71,772,19
1405,1,71,773,19
1406,1,71,729,19
1407,5,71,588,19
1408,5,71,774,19
1409,1,71,269,19
1410,2,71,122,19
1411,1,71,775,19
1412,1,71,466,19
1413,1,71,275,19
1414,2,71,776,19
1415,1,71,169,19
1416,3,71,777,19
1417,1,71,778,19
1418,1,71,779,19
1419,1,71,780,19
1420,1,71,781,19
1421,2,71,782,19
1422,3,71,291,19
1423,1,71,783,19
1424,1,71,608,19
1425,1,71,784,19
1426,1,71,785,19
1427,1,71,786,19
1428,1,71,787,19
1429,1,72,788,19
1430,2,72,773,19
1431,1,72,789,19
1432,3,72,790,19
1433,1,72,791,19
1434,1,72,792,19
1435,1,72,793,19
1436,1,72,794,19
1437,1,72,795,19
1438,1,72,720,19
1439,2,72,796,19
1440,1,72,4,19
1441,2,72,1,19
1442,1,72,797,19
1443,2,72,798,19
1444,1,72,799,19
1445,1,72,800,19
1446,2,72,801,19
1447,1,72,65,19
1448,1,73,788,19
1449,1,73,802,19
1450,1,73,803,19
1451,1,73,588,19
1452,2,73,804,19
1453,1,73,789,19
1454,2,73,610,19
1455,1,73,805,19
1456,1,73,806,19
1457,1,73,797,19
1458,3,73,608,19
1459,1,73,49,19
1460,1,73,777,19
1461,1,73,782,19
1462,1,73,779,19
1463,1,73,807,19
1464,1,73,808,19
1465,1,73,809,19
1466,3,73,621,19
1467,1,73,810,19
1468,2,74,811,19
1469,2,74,812,19
1470,1,74,813,19
1471,2,74,814,19
1472,7,74,815,19
1473,3,74,816,19
1474,4,74,817,19
1475,1,74,818,19
1476,2,74,819,19
1477,1,74,797,19
1478,1,74,820,19
1479,7,74,286,19
1480,1,74,821,19
1481,1,74,774,19
1482,1,74,822,19
1483,2,74,291,19
1484,4,74,823,19
1485,1,74,824,19
1486,2,75,701,19
1487,6,75,825,19
1488,3,75,826,19
1489,4,75,827,19
1490,1,75,443,19
1491,1,75,828,19
1492,2,75,829,19
1493,1,75,830,19
1494,1,75,831,19
1495,1,75,720,19
1496,2,75,832,19
1497,2,75,517,19
1498,1,75,275,19
1499,2,75,833,19
1500,1,75,834,19
1501,2,75,49,19
1502,1,75,814,19
1503,1,75,835,19
1504,1,75,778,19
1505,1,75,809,19
1506,1,75,169,19
1507,5,75,836,19
1508,1,75,837,19
1509,6,76,838,19
1510,1,76,727,19
1511,1,76,839,19
1512,1,76,235,19
1513,2,76,816,19
1514,2,76,840,19
1515,2,76,841,19
1516,2,76,842,19
1517,2,76,797,19
1518,2,76,843,19
1519,2,76,844,19
1520,1,76,845,19
1521,1,76,846,19
1522,1,76,847,19
1523,1,76,848,19
1524,1,76,779,19
1525,1,76,849,19
1526,1,76,788,19
1527,1,76,850,19
1528,2,76,588,19
1529,1,76,851,19
1530,1,76,852,19
1531,2,76,853,19
1532,2,76,854,19
1533,6,77,855,19
1534,3,77,701,19
1535,3,77,856,19
1536,4,77,857,19
1537,2,77,858,19
1538,1,77,859,19
1539,3,77,860,19
1540,5,77,801,19
1541,4,77,843,19
1542,1,77,861,19
1543,1,77,331,93
1544,1,77,457,93
1545,1,77,862,93
1546,4,77,803,19
1547,2,77,779,19
1548,2,77,863,19
1549,4,77,864,19
1550,2,77,797,19
1551,2,77,865,19
1552,2,77,866,19
1553,2,77,867,19
1554,2,77,868,19
1555,1,77,588,19
1556,1,77,188,19
1557,1,77,869,19
1558,1,77,870,19
1559,1,77,75,19
1560,1,77,871,19
1561,2,77,774,19
1562,1,77,872,19
1563,1,77,873,19
1564,1,77,808,19
1565,4,77,806,19
1566,1,77,792,19
1567,1,77,874,19
1568,5,77,875,19
1569,4,78,876,19
1570,5,78,877,19
1571,7,78,878,19
1572,1,78,879,19
1573,1,78,880,19
1574,2,78,674,19
1575,2,78,269,19
1576,12,78,881,19
1577,4,78,882,19
1578,1,78,610,19
1579,1,78,8,19
1580,1,78,863,19
1581,2,78,883,19
1582,2,78,532,19
1583,2,78,884,19
1584,1,78,885,19
1585,1,78,766,19
1586,11,78,291,19
1587,1,78,824,19
1588,1,78,797,19
1589,3,78,286,19
1590,1,78,886,19
1591,1,78,720,19
1592,2,78,887,19
1593,1,78,888,19
1594,2,78,26,19
1595,8,78,889,19
1596,1,79,788,19
1597,1,79,532,19
1598,2,79,890,19
1599,2,79,768,19
1600,2,79,891,19
1601,2,79,610,19
1602,1,79,818,19
1603,6,79,49,19
1604,4,79,875,19
1605,1,79,892,19
1606,1,79,893,19
1607,4,79,87,19
1608,1,79,790,19
1609,1,79,774,19
1610,1,79,797,19
1611,1,79,806,19
1612,1,79,721,19
1613,3,80,894,19
1614,6,80,895,19
1615,2,80,896,19
1616,1,80,897,19
1617,1,80,898,19
1618,2,80,899,19
1619,5,80,900,19
1620,1,80,901,19
1621,1,80,243,19
1622,2,80,902,19
1623,15,80,903,19
1624,1,80,904,19
1625,1,80,905,19
1626,2,80,906,19
1627,5,80,849,19
1628,1,80,907,19
1629,2,80,908,19
1630,1,80,818,19
1631,1,80,909,19
1632,15,80,159,19
1633,2,80,910,19
1634,2,80,793,19
1635,1,80,911,19
1636,1,80,893,19
1637,1,80,729,19
1638,1,80,912,19
1639,1,80,842,19
1640,1,81,913,19
1641,1,81,890,19
1642,2,81,914,19
1643,3,81,915,19
1644,2,81,884,19
1645,2,81,843,19
1646,4,81,916,19
1647,5,81,797,19
1648,3,81,779,19
1649,3,81,775,19
1650,1,81,674,19
1651,1,81,917,19
1652,1,81,444,94
1653,1,81,918,19
1654,1,81,841,19
1655,3,81,721,19
1656,3,81,873,19
1657,2,81,919,19
1658,6,81,920,19
1659,8,81,643,94
1660,1,81,921,94
1661,1,81,49,19
1662,1,81,807,19
1663,1,81,922,19
1664,2,81,729,19
1665,1,81,923,19
1666,1,81,924,19
1667,3,81,925,94
1668,7,81,926,19
1669,6,82,927,19
1670,6,82,928,19
1671,1,82,929,19
1672,5,82,779,19
1673,2,82,481,19
1674,1,82,930,19
1675,1,82,931,19
1676,1,82,932,19
1677,1,82,269,19
1678,4,82,933,19
1679,1,82,934,19
1680,2,82,517,19
1681,1,82,75,19
1682,1,82,935,19
1683,1,82,818,19
1684,2,82,766,19
1685,2,82,936,19
1686,1,82,937,19
1687,2,82,768,19
1688,2,82,812,19
1689,2,82,832,19
1690,2,82,938,19
1691,3,82,939,19
1692,2,82,940,19
1693,1,82,891,19
1694,2,82,941,19
1695,1,82,942,19
1696,1,82,912,19
1697,1,82,814,19
1698,1,82,831,19
1699,1,82,943,19
1700,1,82,944,19
1701,2,82,945,19
1702,7,82,946,19
1703,1,82,947,19
1704,1,82,776,19
1705,2,82,777,19
1706,1,82,948,19
1707,2,82,949,19
1708,1,82,950,19
1709,1,82,951,19
1710,1,82,952,19
1711,1,82,806,19
1712,1,82,874,19
1713,2,82,953,19
1714,2,82,954,19
1715,1,82,801,19
1716,1,83,955,19
1717,2,83,956,19
1718,2,83,957,19
1719,4,83,958,19
1720,1,83,959,19
1721,1,83,960,19
1722,1,83,961,19
1723,1,84,962,19
1724,2,84,963,19
1725,1,84,964,19
1726,3,84,965,19
1727,3,84,813,19
1728,1,84,966,19
1729,1,84,967,19
1730,4,84,968,19
1731,1,84,1,19
1732,5,84,847,19
1733,1,84,969,19
1734,1,84,970,19
1735,2,84,971,19
1736,3,84,972,19
1737,3,84,973,19
1738,2,84,621,19
1739,2,84,974,19
1740,3,84,797,19
1741,2,84,218,19
1742,2,84,975,19
1743,2,84,816,19
1744,1,84,976,94
1745,1,84,643,94
1746,1,84,780,19
1747,1,84,977,19
1748,1,84,860,19
1749,1,84,75,19
1750,1,84,978,19
1751,2,84,979,19
1752,1,84,980,19
1753,1,84,981,19
1754,3,84,982,19
1755,2,84,505,94
1756,1,84,983,19
1757,1,84,779,19
1758,1,84,920,19
1759,1,84,872,19
1760,1,84,984,19
1761,1,84,961,19
1762,2,84,985,19
1763,1,84,806,19
1764,1,84,986,19
1765,2,84,790,19
1766,1,85,987,19
1767,4,85,837,19
1768,1,85,773,19
1769,2,85,906,19
1770,4,85,873,19
1771,1,85,815,19
1772,1,85,743,19
1773,2,85,796,19
1774,3,85,988,97
1775,1,85,989,97
1776,1,85,990,97
1777,1,85,991,97
1778,5,85,992,19
1779,3,85,993,19
1780,2,85,994,19
1781,1,85,850,19
1782,2,85,995,19
1783,2,85,243,97
1784,2,85,926,19
1785,2,85,996,19
1786,1,85,917,19
1787,2,86,811,19
1788,2,86,997,19
1789,4,86,774,19
1790,2,86,443,19
1791,1,86,998,19
1792,1,86,999,19
1793,1,86,881,19
1794,7,86,931,19
1795,2,86,1000,19
1796,1,86,775,19
1797,1,86,1001,19
1798,5,86,934,19
1799,1,86,1002,19
1800,1,86,777,19
1801,1,86,792,19
1802,6,86,701,19
1803,1,86,973,19
1804,11,86,916,19
1805,1,86,1003,19
1806,2,86,159,19
1807,2,86,1004,19
1808,2,86,859,19
1809,2,86,610,19
1810,2,86,797,19
1811,2,86,971,19
1812,1,86,906,19
1813,1,86,903,19
1814,1,86,1005,19
1815,1,86,269,19
1816,1,86,835,19
1817,1,86,779,19
1818,1,86,1006,19
1819,1,86,1007,19
1820,1,86,956,19
1821,1,86,1008,19
1822,1,86,992,19
1823,2,86,1009,19
1824,1,86,918,19
1825,1,86,1010,19
1826,2,86,1011,19
1827,11,87,788,19
1828,5,87,773,19
1829,2,87,873,19
1830,3,87,842,19
1831,1,87,780,19
1832,4,87,1012,19
1833,1,87,866,19
1834,2,87,720,19
1835,1,87,1013,19
1836,2,87,1014,19
1837,2,87,924,19
1838,1,87,923,19
1839,1,87,795,19
1840,4,87,1015,19
1841,1,87,992,19
1842,1,87,141,19
1843,1,87,1016,19
1844,1,87,926,19
1845,7,88,863,19
1846,4,88,776,19
1847,3,88,962,19
1848,1,88,1017,19
1849,1,88,948,19
1850,1,88,8,19
1851,2,88,1005,19
1852,1,88,1018,19
1853,5,88,1019,19
1854,2,88,1020,19
1855,2,88,866,19
1856,2,88,864,19
1857,3,88,788,19
1858,2,88,865,19
1859,3,88,797,19
1860,2,88,779,19
1861,1,88,917,19
1862,2,88,919,19
1863,1,88,873,19
1864,1,88,1021,19
1865,4,88,777,19
1866,1,88,774,19
1867,6,88,874,19
1868,1,88,1022,19
1869,2,88,841,19
1870,2,88,1023,19
1871,2,88,1024,19
1872,1,88,1025,19
1873,1,88,1026,19
1874,2,89,1000,19
1875,51,89,1,19
1876,3,89,998,19
1877,1,89,1027,19
1878,1,89,1028,101
1879,1,89,1029,19
1880,2,89,880,19
1881,2,89,1030,101
1882,1,89,1031,101
1883,1,89,275,19
1884,2,89,1032,19
1885,2,89,1033,101
1886,1,89,443,19
1887,6,89,797,19
1888,2,89,916,19
1889,1,89,588,19
1890,1,89,841,19
1891,3,89,299,19
1892,1,89,276,19
1893,1,89,1034,19
1894,1,89,1035,19
1895,1,90,917,19
1896,2,90,3,19
1897,2,90,816,19
1898,8,90,275,19
1899,1,90,1008,19
1900,4,90,4,19
1901,1,90,1036,19
1902,28,90,443,102
1903,1,90,1037,102
1904,2,90,891,19
1905,2,90,841,19
1906,1,90,881,19
1907,1,90,1026,19
1908,3,90,814,19
1909,1,90,701,19
1910,1,90,1038,102
1911,2,90,1039,102
1912,1,90,674,102
1913,2,90,222,19
1914,1,90,959,19
1915,1,90,1040,19
1916,3,90,142,19
1917,2,90,1041,102
1918,1,90,1042,102
1919,1,90,1043,102
1920,4,90,1044,19
1921,6,91,1045,19
1922,15,91,774,19
1923,1,91,916,19
1924,3,91,863,19
1925,1,91,1046,19
1926,1,91,291,19
1927,4,91,881,19
1928,1,91,1047,19
1929,1,91,885,19
1930,8,91,588,19
1931,1,91,910,19
1932,1,91,1,19
1933,1,91,188,19
1934,3,91,679,19
1935,2,91,793,19
1936,2,91,466,19
1937,1,91,918,19
1938,1,91,903,19
1939,1,91,808,19
1940,1,91,1048,19
1941,1,91,610,19
1942,1,91,1049,19
1943,1,91,1050,19
1944,1,91,1051,19
1945,1,91,779,19
1946,4,91,874,19
1947,4,92,1052,19
1948,12,92,1053,19
1949,13,92,1054,19
1950,1,92,1055,19
1951,4,92,1056,19
1952,3,92,517,19
1953,5,92,881,19
1954,1,92,1057,19
1955,1,92,1058,19
1956,1,92,831,19
1957,1,92,1005,19
1958,1,92,1059,19
1959,1,92,935,19
1960,1,92,1060,19
1961,3,92,1061,19
1962,2,92,973,19
1963,2,92,883,19
1964,4,92,1062,19
1965,1,92,8,19
1966,1,92,743,19
1967,1,92,846,19
1968,1,92,843,19
1969,1,92,875,19
1970,1,92,1063,19
1971,1,92,841,19
1972,1,92,815,19
1973,1,92,1064,19
1974,2,92,790,19
1975,1,92,986,19
1976,2,92,1065,19
1977,7,93,776,19
1978,2,93,962,19
1979,3,93,1066,19
1980,5,93,1067,19
1981,1,93,1068,19
1982,4,93,831,19
1983,3,93,517,19
1984,1,93,815,19
1985,1,93,1069,19
1986,1,93,857,19
1987,1,93,466,19
1988,1,93,883,19
1989,5,93,945,19
1990,2,93,952,19
1991,1,93,865,19
1992,5,93,927,19
1993,2,93,1070,19
1994,1,93,840,19
1995,1,93,950,19
1996,8,93,841,19
1997,4,93,1071,19
1998,1,93,978,19
1999,1,93,1072,19
2000,1,93,1073,19
2001,1,93,1023,19
2002,2,93,852,19
2003,1,93,3,19
2004,1,93,1074,19
2005,1,93,888,19
2006,3,93,837,19
2007,3,93,755,19
2008,1,94,767,19
2009,1,94,884,19
2010,3,94,971,19
2011,1,94,1075,19
2012,1,94,788,19
2013,1,94,891,19
2014,1,94,768,19
2015,2,94,532,19
2016,2,94,786,19
2017,2,94,49,19
2018,2,94,797,19
2019,2,94,1076,19
2020,2,94,1077,19
2021,1,94,1078,19
2022,1,94,1079,19
2023,1,94,1080,19
2024,2,94,1081,19
2025,2,94,701,19
2026,1,94,1082,19
2027,1,94,1083,19
2028,1,94,1084,19
2029,2,94,951,19
2030,1,94,610,19
2031,1,94,805,19
2032,5,94,1085,19
2033,1,94,1009,19
2034,2,94,1026,19
2035,1,94,903,19
2036,1,94,1086,19
2037,3,94,1087,19
2038,2,94,1011,19
2039,1,94,1088,108
2040,1,94,1089,19
2041,1,94,1090,19
2042,1,94,1091,19
2043,1,94,1092,19
2044,1,94,841,19
2045,4,95,916,19
2046,1,95,443,19
2047,2,95,978,19
2048,1,95,298,19
2049,1,95,1093,19
2050,1,95,1094,101
2051,1,95,269,101
2052,1,95,771,19
2053,1,95,1070,19
2054,2,95,8,19
2055,1,95,1021,19
2056,1,95,927,19
2057,3,95,1063,19
2058,4,95,1095,19
2059,2,95,1096,19
2060,2,95,775,19
2061,6,95,1097,19
2062,3,95,881,19
2063,1,95,1098,19
2064,3,95,276,19
2065,1,95,815,19
2066,4,95,884,19
2067,1,95,942,19
2068,2,95,49,19
2069,2,95,1099,19
2070,1,95,1100,19
2071,1,95,882,19
2072,2,95,823,19
2073,1,95,1101,19
2074,1,95,1102,19
2075,3,95,757,19
2076,3,95,1103,19
2077,2,95,926,19
2078,1,95,798,19
2079,1,96,860,19
2080,2,96,1104,19
2081,1,96,1105,19
2082,12,96,775,19
2083,1,96,867,19
2084,1,96,804,19
2085,3,96,768,19
2086,2,96,917,19
2087,1,96,866,19
2088,2,96,890,19
2089,2,96,1077,19
2090,2,96,786,19
2091,2,96,1106,19
2092,2,96,971,19
2093,2,96,767,19
2094,3,96,797,19
2095,3,96,1107,19
2096,2,96,1108,19
2097,1,96,380,19
2098,1,96,701,19
2099,1,96,818,19
2100,1,96,806,19
2101,1,96,910,19
2102,1,96,893,19
2103,1,96,817,19
2104,1,96,859,19
2105,10,96,87,19
2106,2,96,873,19
2107,1,96,871,19
2108,2,96,49,19
2109,2,96,1109,19
2110,1,96,1110,19
2111,1,96,955,19
2112,1,96,1111,19
2113,3,96,41,19
2114,1,96,926,19
2115,7,97,915,19
2116,6,97,1001,19
2117,1,97,1112,19
2118,3,97,773,19
2119,1,97,710,27
2120,1,97,1113,27
2121,1,97,942,19
2122,1,97,1114,19
2123,10,97,276,19
2124,1,97,1115,19
2125,3,97,766,19
2126,1,97,1116,19
2127,1,97,1117,27
2128,1,97,481,19
2129,1,97,1118,19
2130,7,97,466,19
2131,20,97,1119,111
2132,2,97,517,19
2133,1,97,1120,19
2134,1,97,1121,19
2135,1,97,1122,19
2136,1,97,973,19
2137,2,97,1123,19
2138,2,97,8,19
2139,3,97,1072,19
2140,2,97,834,19
2141,3,97,831,19
2142,2,97,943,19
2143,8,97,1026,19
2144,2,97,1124,19
2145,2,97,979,19
2146,2,97,1125,27
2147,1,97,1126,19
2148,3,97,1006,19
2149,1,97,1127,19
2150,1,97,1053,19
2151,2,97,1061,19
2152,1,97,950,19
2153,1,97,1128,19
2154,1,97,1129,19
2155,1,97,1130,19
2156,1,97,922,19
2157,1,97,1025,19
2158,1,97,1131,112
2159,2,97,1132,112
2160,1,97,1133,112
2161,7,97,1134,19
2162,6,97,721,19
2163,1,97,1135,19
2164,4,98,443,19
2165,3,98,779,19
2166,7,98,1136,19
2167,3,98,1137,19
2168,1,98,276,19
2169,1,98,910,19
2170,1,98,1120,19
2171,1,98,1138,27
2172,6,98,978,19
2173,5,98,786,19
2174,2,98,704,19
2175,1,98,1063,19
2176,1,98,275,19
2177,1,98,837,19
2178,1,98,831,19
2179,1,98,940,19
2180,4,98,1021,19
2181,1,98,8,19
2182,1,98,679,19
2183,2,98,1107,19
2184,2,98,1139,19
2185,2,98,788,19
2186,2,98,1140,19
2187,1,98,729,19
2188,6,98,1141,114
2189,1,98,610,19
2190,1,98,882,19
2191,2,98,269,19
2192,1,98,1142,19
2193,2,98,1143,19
2194,1,98,790,19
2195,3,98,1144,19
2196,1,98,1123,19
2197,1,98,1145,19
2198,3,98,1146,19
2199,1,98,1111,19
2200,1,98,1147,108
2201,5,98,823,19
2202,2,98,958,19
2203,7,99,918,19
2204,2,99,1148,19
2205,7,99,532,19
2206,1,99,1149,19
2207,3,99,1059,19
2208,1,99,276,19
2209,1,99,945,19
2210,1,99,776,19
2211,1,99,1150,19
2212,1,99,517,19
2213,2,99,466,19
2214,1,99,917,19
2215,3,99,841,19
2216,2,99,948,19
2217,2,99,866,19
2218,2,99,1005,19
2219,2,99,49,19
2220,2,99,834,19
2221,2,99,808,19
2222,1,99,4,19
2223,2,99,1127,19
2224,1,99,1151,19
2225,1,99,1152,19
2226,1,99,992,19
2227,1,99,610,19
2228,2,99,1153,19
2229,4,99,1026,19
2230,1,99,1154,19
2231,1,99,1155,19
2232,2,99,1025,19
2233,1,99,1156,19
2234,1,99,1157,19
2235,1,100,116,8
2236,7,101,890,19
2237,4,101,843,19
2238,1,101,1158,19
2239,1,101,1071,19
2240,3,101,867,19
2241,2,101,8,19
2242,1,101,914,19
2243,1,101,768,19
2244,1,101,974,19
2245,1,101,1159,19
2246,1,101,817,19
2247,6,101,679,19
2248,1,101,972,19
2249,1,101,874,19
2250,1,101,1160,19
2251,2,101,801,19
2252,1,101,859,19
2253,2,101,87,19
2254,1,101,779,19
2255,1,101,903,19
2256,1,101,610,19
2257,3,101,875,19
2258,3,101,797,19
2259,1,102,1022,19
2260,4,102,87,19
2261,14,102,49,19
2262,2,102,797,19
2263,2,102,291,19
2264,1,102,1107,19
2265,1,102,808,19
2266,1,102,1007,19
2267,1,102,1161,19
2268,1,102,269,19
2269,1,102,783,19
2270,1,103,786,19
2271,1,103,1139,19
2272,2,103,4,19
2273,1,103,816,19
2274,1,103,443,19
2275,2,103,797,19
2276,1,103,1162,19
2277,1,103,866,19
2278,1,103,779,19
2279,1,103,801,19
2280,5,103,1163,19
2281,1,103,1007,19
2282,3,103,795,19
2283,1,103,789,19
2284,1,103,610,19
2285,1,103,1016,19
2286,1,103,815,19
2287,4,103,1044,19
2288,2,103,954,19
2289,1,103,65,19
2290,1,104,903,19
2291,2,104,721,19
2292,2,104,1074,19
2293,1,104,1135,19
2294,1,104,159,19
2295,1,105,116,8
2296,2,106,834,19
2297,3,106,942,19
2298,1,106,218,19
2299,1,106,1061,19
2300,1,106,1164,19
2301,2,106,913,19
2302,1,106,861,19
2303,1,106,8,19
2304,1,106,884,19
2305,2,106,883,19
2306,2,106,1070,19
2307,2,106,1095,19
2308,2,106,1063,19
2309,3,106,823,19
2310,2,106,927,19
2311,6,106,275,19
2312,2,106,832,19
2313,1,106,269,19
2314,1,106,783,19
2315,2,106,1006,19
2316,3,106,1165,19
2317,1,106,948,19
2318,1,106,781,19
2319,1,106,1127,19
2320,1,106,151,19
2321,1,106,956,19
2322,1,106,466,19
2323,1,106,1025,19
2324,3,106,1166,19
2325,7,107,829,19
2326,1,107,912,19
2327,4,107,1167,19
2328,6,107,805,19
2329,3,107,1168,19
2330,1,107,1169,19
2331,1,107,1170,19
2332,2,107,1171,19
2333,6,107,1172,19
2334,2,107,770,19
2335,1,107,1173,19
2336,2,107,1174,19
2337,1,107,1175,19
2338,1,107,1176,19
2339,1,107,532,19
2340,1,107,981,19
2341,1,107,1105,19
2342,1,107,446,19
2343,2,107,1005,19
2344,10,107,806,19
2345,2,107,792,19
2346,1,107,466,19
2347,1,107,1177,19
2348,4,107,790,19
2349,2,107,1026,19
2350,1,107,1034,19
2351,1,107,679,19
2352,1,107,986,19
2353,2,107,785,19
2354,1,108,8,19
2355,2,108,1178,19
2356,2,108,961,19
2357,1,108,1179,19
2358,1,108,621,19
2359,1,109,917,19
2360,1,109,1180,19
2361,1,109,1181,19
2362,1,109,951,19
2363,1,109,931,19
2364,1,109,1128,19
2365,1,109,701,19
2366,1,109,1081,19
2367,1,109,816,19
2368,1,109,275,19
2369,1,109,1095,19
2370,1,109,823,19
2371,1,109,1070,19
2372,1,109,774,19
2373,2,109,49,19
2374,1,109,927,19
2375,1,109,8,19
2376,1,109,814,19
2377,2,109,1182,19
2378,3,109,588,19
2379,2,109,948,19
2380,1,109,1019,19
2381,1,109,1004,19
2382,1,109,845,19
2383,1,109,1,19
2384,1,109,792,19
2385,1,109,1005,19
2386,1,109,824,19
2387,3,109,621,19
2388,4,109,1183,19
2389,1,109,903,19
2390,1,109,849,19
2391,2,109,1050,19
2392,1,109,610,19
2393,1,109,1021,19
2394,1,109,945,19
2395,1,109,1184,19
2396,1,109,939,19
2397,3,110,1185,19
2398,8,110,1112,19
2399,2,110,1186,19
2400,3,110,243,19
2401,6,110,1187,19
2402,5,110,872,19
2403,1,110,770,19
2404,1,110,939,19
2405,2,110,1188,19
2406,1,110,517,19
2407,1,110,743,19
2408,1,110,805,19
2409,6,110,1054,19
2410,2,110,833,19
2411,1,110,843,19
2412,1,110,918,19
2413,2,110,981,19
2414,2,110,832,19
2415,2,110,788,19
2416,2,110,804,19
2417,2,110,159,19
2418,2,110,1053,19
2419,1,110,276,19
2420,2,110,778,19
2421,1,110,1189,19
2422,2,110,1126,19
2423,1,110,815,19
2424,1,110,151,19
2425,1,110,803,19
2426,1,110,1183,19
2427,1,110,1190,19
2428,2,110,1191,19
2429,3,110,986,19
2430,2,110,25,19
2431,1,111,779,19
2432,15,111,1,19
2433,1,111,890,19
2434,1,111,704,19
2435,1,111,1032,19
2436,1,111,948,19
2437,1,111,875,19
2438,1,111,912,19
2439,1,111,1021,19
2440,1,111,188,19
2441,3,111,4,19
2442,3,111,1163,19
2443,1,111,801,19
2444,4,111,1192,19
2445,1,111,797,19
2446,3,111,994,19
2447,1,112,864,19
2448,3,112,785,19
2449,4,112,1026,19
2450,3,112,1013,19
2451,1,113,291,19
2452,1,113,781,19
2453,1,113,786,19
2454,1,114,775,19
2455,1,114,1177,19
2456,1,114,984,19
2457,1,114,1032,19
2458,2,114,916,19
2459,1,114,915,19
2460,2,114,832,19
2461,2,114,275,19
2462,1,114,1182,19
2463,1,114,588,19
2464,4,114,1193,19
2465,2,114,1034,19
2466,2,114,972,19
2467,1,114,1183,19
2468,1,114,1,19
2469,8,114,1011,19
2470,6,114,701,19
2471,1,114,778,19
2472,1,114,931,19
2473,6,115,910,19
2474,3,115,1194,19
2475,4,115,903,19
2476,2,115,1195,27
2477,22,115,8,27
2478,1,115,643,27
2479,11,115,916,19
2480,1,115,269,101
2481,1,115,1196,27
2482,15,115,1197,27
2483,10,115,1125,27
2484,1,115,972,19
2485,1,115,159,19
2486,1,115,917,19
2487,4,115,1198,27
2488,2,115,1199,69
2489,1,115,1200,19
2490,9,115,842,19
2491,2,115,1201,69
2492,1,115,929,19
2493,4,115,766,19
2494,28,115,1202,27
2495,2,115,276,19
2496,1,115,833,19
2497,1,115,942,19
2498,1,115,1203,19
2499,1,115,1204,94
2500,6,115,428,94
2501,1,115,938,19
2502,1,115,1099,19
2503,2,115,1127,19
2504,1,115,1061,19
2505,1,115,1130,19
2506,2,115,943,19
2507,1,115,973,19
2508,1,115,1205,19
2509,1,115,939,19
2510,1,115,1206,19
2511,4,115,1026,19
2512,2,115,1207,19
2513,1,115,950,19
2514,1,115,1208,19
2515,1,115,922,19
2516,3,115,1129,19
2517,2,115,836,19
2518,2,115,823,19
2519,1,115,1209,19
2520,4,116,1210,19
2521,6,116,290,19
2522,1,116,1211,19
2523,1,116,1212,19
2524,7,116,864,19
2525,1,116,917,19
2526,1,116,1213,19
2527,3,116,49,19
2528,8,116,188,19
2529,1,116,1214,19
2530,3,116,1215,19
2531,1,116,857,19
2532,1,116,969,19
2533,1,116,869,19
2534,2,116,788,19
2535,2,116,804,19
2536,1,116,1194,19
2537,1,116,977,19
2538,2,116,809,19
2539,3,116,786,19
2540,3,116,841,19
2541,1,116,874,19
2542,1,116,808,19
2543,1,116,721,19
2544,1,116,729,19
2545,1,116,893,19
2546,1,116,987,19
2547,1,116,1013,19
2548,1,116,1023,19
2549,1,116,610,19
2550,2,116,795,19
2551,10,117,49,19
2552,3,117,931,19
2553,1,117,291,19
2554,4,117,275,19
2555,2,117,4,19
2556,1,117,816,19
2557,1,117,1188,19
2558,1,117,1216,40
2559,1,117,1217,40
2560,1,117,1218,40
2561,2,117,1053,19
2562,1,117,1219,19
2563,1,117,973,19
2564,1,117,815,19
2565,1,117,1220,19
2566,1,117,956,19
2567,1,117,588,19
2568,8,117,1026,19
2569,2,117,721,19
2570,1,117,1221,19
2571,1,117,466,19
2572,1,117,1222,19
2573,1,118,781,19
2574,1,118,852,19
2575,1,119,4,19
2576,2,119,847,19
2577,1,119,291,19
2578,1,119,982,19
2579,1,119,817,19
2580,1,119,799,19
2581,2,119,1193,19
2582,2,120,916,124
2583,2,120,644,19
2584,3,120,1223,19
2585,7,120,8,19
2586,13,120,729,19
2587,1,120,1224,26
2588,3,120,1225,124
2589,2,120,806,124
2590,1,120,1226,19
2591,1,120,1227,124
2592,1,120,1228,124
2593,1,120,588,19
2594,2,120,1229,26
2595,1,120,237,26
2596,1,120,1230,19
2597,1,120,49,19
2598,1,120,823,19
2599,2,120,23,19
2600,1,120,1231,19
2601,2,120,1019,19
2602,1,120,820,19
2603,1,120,815,19
2604,1,120,858,19
2605,1,120,789,19
2606,5,120,842,19
2607,2,120,1232,19
2608,2,120,779,19
2609,2,120,884,19
2610,2,120,1233,19
2611,2,120,834,19
2612,2,120,1075,19
2613,2,120,866,19
2614,2,120,841,19
2615,1,120,218,19
2616,1,120,291,19
2617,1,120,1155,19
2618,1,120,906,19
2619,1,120,793,19
2620,1,120,720,19
2621,1,120,1234,19
2622,1,120,893,19
2623,1,120,808,19
2624,7,121,1235,19
2625,8,121,1236,19
2626,6,121,1237,19
2627,12,121,1069,19
2628,8,121,1238,19
2629,13,121,857,19
2630,1,121,840,19
2631,7,121,466,19
2632,3,121,940,19
2633,1,121,1239,19
2634,5,121,517,19
2635,1,121,935,19
2636,1,121,952,19
2637,1,121,869,19
2638,3,121,969,19
2639,2,121,1079,19
2640,1,121,1026,19
2641,1,121,1240,19
2642,1,121,1205,19
2643,1,121,977,19
2644,1,121,951,19
2645,1,121,943,19
2646,2,121,950,19
2647,1,121,1130,19
2648,1,121,945,19
2649,1,121,942,19
2650,1,121,766,19
2651,1,121,1127,19
2652,1,121,809,19
2653,2,121,1241,19
2654,2,121,1242,19
2655,3,121,1243,19
2656,1,121,1034,19
2657,1,122,787,19
2658,1,122,1244,19
2659,1,122,1245,19
2660,3,123,20,127
2661,2,123,4,127
2662,1,123,972,19
2663,2,123,1192,19
2664,1,123,931,19
2665,1,123,815,19
2666,1,123,797,19
2667,1,123,299,19
2668,1,123,1163,19
2669,1,123,796,19
2670,1,123,781,19
2671,1,123,286,19
2672,1,123,1105,19
2673,1,123,291,19
2674,1,123,1246,19
2675,1,123,159,19
2676,1,123,918,19
2677,1,123,956,19
2678,2,124,796,19
2679,1,124,918,19
2680,2,124,1005,19
2681,3,124,1,19
2682,2,124,1108,19
2683,2,124,1140,19
2684,2,124,1047,19
2685,1,124,768,19
2686,1,124,1067,19
2687,1,124,869,19
2688,1,124,936,19
2689,1,124,1247,19
2690,1,124,791,19
2691,1,124,783,19
2692,1,124,1246,19
2693,1,124,1155,19
2694,1,124,1020,19
2695,1,124,849,19
2696,1,124,994,19
2697,1,124,893,19
2698,1,124,810,19
2699,1,124,949,19
2700,2,124,954,19
2701,1,124,621,19
2702,1,124,961,19
2703,24,125,218,19
2704,2,125,443,19
2705,2,125,1248,19
2706,1,125,1249,19
2707,1,125,1188,19
2708,2,125,1172,19
2709,2,125,857,19
2710,2,125,729,19
2711,2,125,931,19
2712,2,125,971,19
2713,2,125,812,19
2714,3,125,797,19
2715,3,125,701,19
2716,1,125,1162,19
2717,1,125,918,19
2718,1,125,704,19
2719,1,125,1250,19
2720,9,125,1193,19
2721,1,125,1155,19
2722,1,125,994,19
2723,1,125,961,19
2724,1,125,873,19
2725,1,125,1251,19
2726,1,125,779,19
2727,1,125,1011,19
2728,1,125,4,19
2729,7,126,806,19
2730,1,126,75,19
2731,2,126,1107,19
2732,2,126,87,19
2733,2,126,815,19
2734,2,126,4,19
2735,1,126,783,19
2736,1,126,816,19
2737,1,126,743,19
2738,1,126,913,19
2739,1,126,466,19
2740,9,126,775,19
2741,3,126,867,19
2742,1,126,890,19
2743,1,126,942,19
2744,1,126,940,19
2745,1,126,881,19
2746,2,126,1026,19
2747,1,126,1005,19
2748,4,126,994,19
2749,1,126,823,19
2750,1,126,1063,19
2751,1,126,780,19
2752,2,126,1109,19
2753,1,126,1252,19
2754,5,126,41,19
2755,7,127,628,10
2756,1,127,1253,10
2757,2,127,1254,10
2758,3,127,202,10
2759,2,127,1255,129
2760,1,127,1256,130
2761,1,127,1257,130
2762,5,127,1258,10
2763,1,127,1259,10
2764,7,127,1260,10
2765,6,127,1261,10
2766,4,127,1262,10
2767,2,127,1263,10
2768,1,127,308,10
2769,1,127,1264,10
2770,1,127,1265,10
2771,5,127,1266,10
2772,2,127,1267,10
2773,1,127,1268,10
2774,1,127,444,10
2775,1,127,1269,10
2776,2,127,1270,10
2777,2,127,1271,10
2778,2,127,1272,10
2779,1,128,116,8
2780,30,129,1273,73
2781,3,129,1274,73
2782,4,129,1275,73
2783,5,129,1276,73
2784,1,129,1277,73
2785,1,129,1278,73
2786,9,129,1279,73
2787,1,129,4,73
2788,7,129,1280,73
2789,2,129,1281,73
2790,2,129,1282,73
2791,5,129,1283,73
2792,3,129,1284,73
2793,1,129,1285,73
2794,6,129,717,73
2795,1,129,1286,73
2796,1,129,1287,73
2797,1,129,1288,73
2798,1,129,1289,73
2799,1,129,1290,73
2800,1,129,1291,73
2801,1,129,1292,73
2802,1,130,116,8
2803,2,131,1293,131
2804,11,131,1294,73
2805,2,131,1295,73
2806,8,131,1296,73
2807,7,131,1297,73
2808,8,131,1298,73
2809,4,131,1299,73
2810,5,131,1300,73
2811,7,131,1301,73
2812,2,131,1302,73
2813,1,131,671,73
2814,1,131,1303,73
2815,3,131,1304,73
2816,3,131,1305,73
2817,1,131,1306,73
2818,1,131,5,73
2819,3,131,1307,73
2820,3,131,1308,73
2821,2,131,1309,73
2822,2,131,1310,73
2823,2,131,53,73
2824,2,131,1311,73
2825,17,131,1312,73
2826,2,131,1313,73
2827,7,131,1314,73
2828,1,131,1315,73
2829,3,131,1316,73
2830,2,131,1317,73
2831,8,131,1318,73
2832,5,131,1319,73
2833,1,131,1320,73
2834,1,131,1321,73
2835,5,131,1322,73
2836,1,131,1323,73
2837,1,131,1324,73
2838,2,131,1325,73
2839,6,131,1326,73
2840,1,131,505,73
2841,4,131,1327,73
2842,1,131,1328,73
2843,1,131,1329,73
2844,1,131,1330,73
2845,9,131,1331,73
2846,2,131,87,73
2847,5,131,1332,73
2848,5,131,1333,73
2849,2,131,1334,73
2850,1,131,1335,73
2851,4,131,1336,73
2852,4,131,1337,73
2853,1,131,1338,73
2854,2,131,1339,73
2855,1,131,1340,73
2856,2,131,1341,73
2857,5,131,1342,73
2858,2,131,695,73
2859,1,131,243,73
2860,1,131,1343,73
2861,1,131,1344,73
2862,1,131,1345,73
2863,3,131,1346,73
2864,1,131,1347,73
2865,1,131,1348,73
2866,2,131,1349,73
2867,4,131,1350,73
2868,1,131,1351,73
2869,7,131,610,73
2870,1,131,1352,73
2871,1,131,1353,73
2872,1,131,1354,73
2873,1,131,1355,73
2874,3,131,1356,73
2875,4,131,1285,73
2876,1,131,1357,73
2877,1,131,1358,73
2878,1,131,1359,73
2879,1,131,1360,73
2880,2,131,1,73
2881,1,131,1361,73
2882,1,131,1362,73
2883,1,131,1363,73
2884,1,131,1364,73
2885,1,131,1365,73
2886,1,131,1366,73
2887,3,131,1367,73
2888,3,131,1368,73
2889,3,131,1369,73
2890,1,131,1370,73
2891,1,131,1371,73
2892,1,131,1372,73
2893,1,131,1373,73
2894,1,131,1374,73
2895,1,131,1375,73
2896,1,131,1376,73
2897,1,131,1377,73
2898,1,131,1378,73
2899,1,131,1379,73
2900,1,131,1380,73
2901,3,131,1381,73
2902,1,131,1382,73
2903,1,131,742,73
2904,1,131,1383,73
2905,3,131,1384,73
2906,1,131,975,73
2907,1,131,1385,73
2908,2,131,1386,73
2909,1,131,1387,73
2910,1,131,1388,73
2911,1,131,4,73
2912,1,131,1389,73
2913,1,131,1390,73
2914,3,131,1391,73
2915,1,131,1392,73
2916,1,131,1393,73
2917,5,132,1358,73
2918,3,132,1387,73
2919,1,132,1394,73
2920,3,132,1360,73
2921,5,132,1395,73
2922,5,132,1378,73
2923,33,132,628,73
2924,7,132,1396,73
2925,1,132,718,73
2926,1,132,1397,73
2927,3,132,1398,73
2928,5,132,4,73
2929,1,132,49,73
2930,4,132,857,73
2931,10,132,16,73
2932,8,132,1399,73
2933,1,132,1400,73
2934,1,132,1401,73
2935,2,132,673,51
2936,6,132,462,51
2937,1,132,663,51
2938,2,132,724,131
2939,6,132,466,131
2940,1,132,1402,51
2941,1,132,387,73
2942,11,132,1403,73
2943,6,132,1404,73
2944,2,132,470,51
2945,1,132,506,51
2946,6,132,1068,131
2947,7,132,1405,73
2948,1,132,1406,73
2949,1,132,1407,73
2950,2,132,1408,73
2951,22,132,202,73
2952,1,132,1409,73
2953,6,132,1410,73
2954,1,132,222,51
2955,1,132,1411,51
2956,1,132,1412,51
2957,1,132,389,73
2958,3,132,1413,73
2959,1,132,1414,73
2960,8,132,1415,73
2961,4,132,1416,73
2962,3,132,1232,73
2963,1,132,1,73
2964,4,132,1417,73
2965,5,132,1285,73
2966,3,132,1418,73
2967,1,132,1419,73
2968,4,132,1350,73
2969,3,132,1420,73
2970,1,132,1421,73
2971,2,132,1422,73
2972,2,132,681,51
2973,9,132,1423,73
2974,3,132,1424,73
2975,7,132,610,73
2976,2,132,1425,73
2977,1,132,1426,73
2978,1,132,680,51
2979,3,132,1427,73
2980,2,132,26,73
2981,3,132,1428,73
2982,1,132,1429,73
2983,2,132,1430,73
2984,1,132,117,73
2985,6,132,399,73
2986,2,132,1431,73
2987,6,132,674,133
2988,1,132,1432,73
2989,1,132,1433,73
2990,1,132,1434,73
2991,3,132,1365,73
2992,1,132,1435,73
2993,3,132,1436,73
2994,1,132,1437,73
2995,2,132,1438,133
2996,1,132,1439,73
2997,5,132,1440,73
2998,1,132,1441,73
2999,4,132,1442,73
3000,4,132,1443,73
3001,1,132,1444,73
3002,4,132,20,73
3003,2,132,734,73
3004,1,132,1445,73
3005,2,132,1446,73
3006,1,132,1447,73
3007,1,132,1345,73
3008,1,132,1448,73
3009,1,132,1449,73
3010,2,132,1450,73
3011,4,132,1451,73
3012,1,132,1452,73
3013,2,132,1453,133
3014,2,132,1454,73
3015,3,132,1393,73
3016,3,132,1455,73
3017,1,132,1300,73
3018,1,132,1296,73
3019,1,132,1456,73
3020,4,132,1384,73
3021,1,132,1457,73
3022,1,132,1458,73
3023,1,132,1459,73
3024,1,132,1460,73
3025,1,132,1461,73
3026,1,132,1354,73
3027,1,132,1462,73
3028,1,132,1463,73
3029,1,132,1464,73
3030,1,132,1465,73
3031,2,132,1466,73
3032,1,132,806,133
3033,1,132,1024,133
3034,2,132,1467,73
3035,10,132,1391,73
3036,1,132,1468,73
3037,1,132,1469,73
3038,2,132,1370,73
3039,1,132,188,73
3040,1,132,1470,73
3041,1,132,1471,73
3042,1,132,1472,73
3043,2,132,1473,73
3044,1,132,290,73
3045,1,132,1474,73
3046,1,132,1371,73
3047,3,133,1475,73
3048,3,133,1476,73
3049,16,133,1477,73
3050,14,133,527,134
3051,1,133,1478,73
3052,1,133,1479,73
3053,3,133,1480,73
3054,5,133,1481,73
3055,4,133,1482,73
3056,3,133,1483,73
3057,2,133,1172,73
3058,2,133,1320,73
3059,1,133,635,73
3060,2,133,1484,135
3061,1,133,1485,73
3062,1,133,1486,73
3063,1,133,87,73
3064,1,133,1487,73
3065,11,133,49,73
3066,2,133,290,73
3067,1,133,1488,73
3068,3,133,1489,73
3069,3,133,1490,73
3070,1,133,1491,73
3071,1,133,1492,73
3072,3,133,122,73
3073,3,133,195,131
3074,1,133,1493,135
3075,2,133,1494,73
3076,2,133,1495,73
3077,2,133,4,73
3078,2,133,1496,132
3079,2,133,1497,73
3080,2,133,1498,73
3081,2,133,1499,73
3082,2,133,1500,73
3083,2,133,1501,73
3084,2,133,1502,73
3085,2,133,1503,73
3086,3,133,1504,73
3087,2,133,1505,73
3088,1,133,1506,73
3089,2,133,1507,73
3090,1,133,1508,73
3091,1,133,387,73
3092,1,133,718,73
3093,1,133,1509,73
3094,1,133,1426,73
3095,1,133,1,73
3096,2,133,508,73
3097,3,133,215,73
3098,4,133,1510,73
3099,1,133,1511,73
3100,1,133,1512,73
3101,1,133,1513,73
3102,1,133,225,73
3103,1,133,794,73
3104,1,133,1351,73
3105,1,134,1514,73
3106,1,134,1477,73
3107,2,134,1476,73
3108,4,134,1515,73
3109,5,134,1516,73
3110,10,134,1517,73
3111,6,134,1518,73
3112,3,134,87,73
3113,3,134,1508,73
3114,3,134,1519,73
3115,4,134,1520,73
3116,2,134,1521,73
3117,2,134,1522,73
3118,2,134,1523,73
3119,2,134,1488,73
3120,1,134,1524,73
3121,3,134,1525,73
3122,1,134,1526,73
3123,3,134,1492,73
3124,2,134,1527,73
3125,2,134,1528,73
3126,2,134,1529,73
3127,2,134,1530,73
3128,2,134,626,73
3129,1,134,7,4
3130,1,134,1531,73
3131,2,134,452,73
3132,2,134,1532,73
3133,1,134,1533,73
3134,1,134,1388,73
3135,1,134,1510,73
3136,1,134,49,73
3137,1,134,1534,73
3138,3,134,1391,73
3139,1,134,202,73
3140,4,135,1535,73
3141,3,135,1476,73
3142,2,135,1475,73
3143,1,135,1480,73
3144,1,135,1479,73
3145,4,135,1481,73
3146,1,135,1478,73
3147,1,135,1536,134
3148,4,135,1482,73
3149,1,135,1537,73
3150,6,135,1505,73
3151,8,135,643,73
3152,12,135,505,73
3153,6,135,257,73
3154,1,135,1538,73
3155,7,135,508,73
3156,1,135,1526,73
3157,3,135,1485,73
3158,1,135,1483,73
3159,1,135,1539,73
3160,1,135,1540,73
3161,2,135,1541,73
3162,3,135,1504,73
3163,5,135,49,73
3164,2,135,1488,73
3165,2,135,626,73
3166,7,135,1542,73
3167,1,135,4,73
3168,2,135,527,73
3169,4,135,290,73
3170,2,135,1491,73
3171,1,135,1492,73
3172,1,135,1543,73
3173,6,135,1515,73
3174,2,135,1544,73
3175,2,135,1545,73
3176,4,135,1510,73
3177,2,135,1546,73
3178,3,135,1547,73
3179,2,135,1522,73
3180,2,135,1521,73
3181,2,135,1548,73
3182,3,135,1549,73
3183,2,135,1396,73
3184,1,135,1495,73
3185,1,135,1550,73
3186,1,135,1551,73
3187,4,135,1519,73
3188,1,135,1552,73
3189,1,135,1500,73
3190,1,135,1553,73
3191,1,135,1497,73
3192,3,135,532,73
3193,3,135,1554,73
3194,1,135,1555,73
3195,1,135,1556,73
3196,4,135,1,73
3197,3,135,1517,73
3198,1,135,1498,73
3199,3,135,1557,73
3200,3,135,1558,73
3201,2,135,1559,73
3202,2,135,1351,73
3203,1,135,1266,73
3204,1,135,1560,73
3205,1,135,1561,73
3206,1,135,1562,73
3207,1,135,1484,73
3208,3,135,1563,73
3209,1,135,1564,73
3210,1,135,726,73
3211,1,135,1565,73
3212,1,135,1566,73
3213,1,135,1380,73
3214,1,135,1567,73
3215,1,135,1568,73
3216,1,135,664,73
3217,1,135,1569,73
3218,1,135,1570,73
3219,1,135,1571,73
3220,1,135,1572,73
3221,1,135,374,73
3222,1,135,1534,73
3223,1,135,452,73
3224,1,135,1490,73
3225,1,135,794,73
3226,1,135,387,73
3227,1,135,1573,73
3228,1,135,1574,73
3229,1,135,1575,73
3230,1,136,116,8
3231,3,137,1576,73
3232,1,137,1515,73
3233,2,137,635,73
3234,1,137,49,73
3235,3,137,508,73
3236,2,137,629,73
3237,2,137,1526,73
3238,4,137,1394,73
3239,4,137,1545,73
3240,1,137,1577,73
3241,2,137,1485,73
3242,1,137,610,73
3243,1,137,1541,73
3244,2,137,1527,73
3245,2,137,1521,73
3246,1,137,1396,73
3247,1,137,174,73
3248,1,137,1388,73
3249,1,137,87,73
3250,1,137,1578,73
3251,1,137,860,73
3252,1,137,239,73
3253,1,137,1579,73
3254,2,137,1391,73
3255,2,137,1580,73
3256,1,138,116,8
3257,1,139,116,8
3258,1,140,202,137
3259,6,140,401,137
3260,5,140,1581,137
3261,5,140,643,138
3262,18,140,553,73
3263,1,140,1505,73
3264,3,140,387,73
3265,2,140,1582,73
3266,5,140,1332,73
3267,5,140,1,73
3268,1,140,508,73
3269,1,140,1583,73
3270,4,140,1161,73
3271,9,140,49,73
3272,5,140,298,137
3273,4,140,1584,73
3274,1,140,5,73
3275,1,140,1294,73
3276,1,140,1315,73
3277,1,140,3,73
3278,3,140,1585,73
3279,7,140,16,73
3280,1,140,87,73
3281,4,140,446,137
3282,1,140,1586,137
3283,2,140,1405,73
3284,2,140,1587,73
3285,1,140,1539,73
3286,1,140,1501,73
3287,3,140,1555,73
3288,2,140,1548,73
3289,1,140,1588,73
3290,1,140,27,73
3291,2,140,1469,73
3292,5,140,1542,73
3293,1,140,374,73
3294,1,140,706,73
3295,4,140,1589,73
3296,2,140,1590,73
3297,1,140,1439,73
3298,2,140,1591,73
3299,4,140,1592,73
3300,2,140,1422,73
3301,1,140,1489,73
3302,3,140,1239,73
3303,3,140,1593,73
3304,1,140,1594,73
3305,1,140,433,73
3306,2,140,1595,73
3307,1,140,1596,73
3308,1,140,1597,73
3309,1,140,1430,73
3310,1,140,1525,73
3311,1,140,1598,73
3312,3,140,1599,73
3313,2,140,1012,73
3314,1,140,1600,73
3315,1,140,1601,73
3316,1,140,1602,73
3317,2,140,1391,73
3318,1,140,1510,73
3319,1,141,1603,132
3320,4,141,505,132
3321,20,141,1604,73
3322,3,141,1605,132
3323,2,141,1312,132
3324,2,141,791,132
3325,6,141,49,132
3326,3,141,308,73
3327,1,141,510,132
3328,3,141,681,132
3329,2,141,1606,73
3330,1,141,1607,132
3331,1,141,471,132
3332,6,141,1608,73
3333,2,141,387,73
3334,1,141,706,73
3335,6,141,1609,73
3336,3,141,1610,73
3337,3,141,1611,73
3338,1,141,1612,73
3339,4,141,1613,73
3340,9,142,1295,73
3341,3,142,1614,73
3342,1,142,1615,73
3343,3,142,1503,73
3344,2,142,1582,73
3345,7,142,1317,73
3346,4,142,1616,73
3347,1,142,1456,73
3348,7,142,1314,73
3349,10,142,1463,73
3350,3,142,1311,73
3351,2,142,1309,73
3352,6,142,1617,73
3353,7,142,1618,73
3354,4,142,1302,73
3355,4,142,1414,73
3356,3,142,1320,73
3357,3,142,1619,73
3358,9,142,1620,73
3359,4,142,624,131
3360,1,142,1621,73
3361,1,142,1622,73
3362,6,142,1623,73
3363,5,142,1336,73
3364,4,142,1624,73
3365,1,142,1625,73
3366,5,142,1626,73
3367,2,142,1374,73
3368,1,142,1627,73
3369,6,142,1628,73
3370,2,142,1,73
3371,3,142,1629,131
3372,4,142,87,131
3373,1,142,1630,73
3374,4,142,1321,73
3375,12,142,870,73
3376,1,142,1394,73
3377,4,142,1631,73
3378,2,142,1632,73
3379,2,142,1552,73
3380,3,142,1498,73
3381,4,142,53,73
3382,4,142,1461,73
3383,2,142,1633,73
3384,2,142,1634,73
3385,4,142,1424,73
3386,2,142,1635,73
3387,1,142,1636,73
3388,2,142,734,73
3389,3,142,740,73
3390,3,142,695,73
3391,1,142,1637,73
3392,1,142,1354,73
3393,1,142,1427,73
3394,1,142,299,73
3395,1,142,1638,73
3396,1,142,1483,131
3397,1,142,1352,73
3398,1,142,1365,73
3399,1,142,1353,73
3400,4,142,1315,73
3401,2,142,1299,73
3402,2,142,1639,73
3403,2,142,1460,73
3404,2,142,1373,73
3405,5,142,1640,73
3406,1,142,1641,73
3407,1,142,1459,73
3408,1,142,1642,73
3409,1,142,1325,73
3410,1,142,1643,73
3411,1,142,718,73
3412,2,142,1301,73
3413,1,142,1387,73
3414,2,142,1644,73
3415,1,142,1645,73
3416,1,142,1366,73
3417,3,142,1646,73
3418,4,142,1370,73
3419,3,142,1647,73
3420,1,142,1648,73
3421,1,142,1649,73
3422,2,142,1650,73
3423,1,142,1651,73
3424,1,142,1652,73
3425,1,142,1653,73
3426,1,142,1654,73
3427,1,142,1355,73
3428,1,142,1383,73
3429,1,142,1655,73
3430,1,142,1656,73
3431,1,142,1657,73
3432,1,142,1371,73
3433,1,142,1468,73
3434,1,142,1658,73
3435,1,142,1357,73
3436,2,143,4,73
3437,3,143,1,73
3438,4,143,1659,73
3439,1,143,1348,73
3440,1,143,1660,73
3441,1,143,1661,73
3442,4,143,1662,73
3443,6,143,243,73
3444,5,143,1663,73
3445,1,143,159,73
3446,3,143,718,73
3447,2,143,553,73
3448,2,143,1664,73
3449,2,143,1665,73
3450,2,143,1613,73
3451,1,143,1611,73
3452,1,144,116,8
3453,6,145,1396,73
3454,4,145,1523,73
3455,1,145,553,73
3456,3,145,1109,73
3457,1,145,1405,73
3458,3,145,1579,73
3459,7,145,239,73
3460,3,145,16,73
3461,1,145,1517,73
3462,3,145,1522,73
3463,10,145,644,73
3464,7,145,1666,73
3465,4,145,87,73
3466,1,145,1667,73
3467,8,145,380,73
3468,6,145,1668,73
3469,5,145,1584,73
3470,1,145,1669,73
3471,3,145,1670,73
3472,8,145,8,73
3473,1,145,49,73
3474,3,145,1671,73
3475,1,145,1403,73
3476,4,145,169,73
3477,2,145,1672,73
3478,5,145,1673,73
3479,1,145,1674,73
3480,4,145,1433,73
3481,2,145,445,73
3482,5,145,1675,73
3483,2,145,1676,73
3484,1,145,425,73
3485,1,145,374,73
3486,4,145,1677,73
3487,3,145,1439,73
3488,2,145,1678,73
3489,2,145,1679,73
3490,3,145,1680,73
3491,8,145,1681,73
3492,1,145,1682,73
3493,1,145,1346,73
3494,1,145,1683,73
3495,2,145,1684,73
3496,1,145,222,73
3497,1,145,1601,73
3498,3,145,1685,73
3499,2,145,1600,73
3500,2,145,1686,73
3501,3,145,1444,73
3502,1,145,1578,73
3503,4,145,396,73
3504,2,145,1467,73
3505,2,145,1384,73
3506,2,145,1393,73
3507,1,145,1687,73
3508,1,145,1688,73
3509,1,145,1388,73
3510,1,145,1689,73
3511,1,145,1690,73
3512,1,145,1691,73
3513,3,145,1391,73
3514,1,146,116,8
3515,3,147,84,140
3516,1,147,1692,140
3517,3,147,1693,140
3518,2,147,387,140
3519,1,147,692,140
3520,1,147,1694,141
3521,5,147,758,141
3522,1,147,1695,141
3523,2,147,1350,141
3524,4,147,195,141
3525,1,147,1696,141
3526,1,147,1697,141
3527,2,148,1518,73
3528,4,148,508,73
3529,1,148,626,73
3530,1,148,1698,73
3531,1,149,116,8
3532,1,150,116,8
3533,2,151,1699,73
3534,8,151,1700,73
3535,3,151,1701,73
3536,2,151,1554,73
3537,8,151,4,73
3538,1,151,1702,73
3539,1,151,1382,73
3540,3,151,738,73
3541,1,151,1703,73
3542,1,151,1501,73
3543,1,151,1704,73
3544,1,151,1705,73
3545,3,151,1706,73
3546,1,151,1707,73
3547,1,151,1708,73
3548,1,151,1529,73
3549,1,151,1575,73
3550,1,151,1709,73
3551,1,151,1710,73
3552,1,151,1711,73
3553,2,151,1712,73
3554,1,151,387,73
3555,2,151,1266,73
3556,1,151,49,73
3557,1,151,1510,73
3558,1,151,1509,73
3559,1,151,1713,73
3560,1,151,1,73
3561,1,152,116,8
3562,6,153,1660,73
3563,7,153,1714,73
3564,7,153,718,73
3565,9,153,1604,73
3566,6,153,1715,73
3567,4,153,505,73
3568,6,153,49,73
3569,1,153,1716,73
3570,2,153,1717,73
3571,2,153,1718,73
3572,4,153,1719,73
3573,3,153,1720,73
3574,1,153,643,73
3575,3,153,444,73
3576,2,153,1721,73
3577,1,153,1722,73
3578,1,153,1723,73
3579,1,153,956,73
3580,1,153,1611,73
3581,1,154,116,8
3582,1,155,116,8
3583,5,156,446,137
3584,7,156,1579,131
3585,10,156,1724,132
3586,1,156,1725,132
3587,10,156,1726,73
3588,29,156,188,73
3589,11,156,257,73
3590,1,156,1482,73
3591,6,156,527,73
3592,9,156,1536,73
3593,3,156,440,137
3594,2,156,1727,132
3595,2,156,1514,73
3596,1,156,1728,132
3597,1,156,1587,73
3598,1,156,1729,73
3599,1,156,201,73
3600,1,156,1730,73
3601,1,156,1577,73
3602,2,156,1731,132
3603,2,156,298,137
3604,31,156,177,73
3605,2,156,1515,73
3606,1,156,1732,73
3607,3,156,1544,73
3608,8,156,1550,73
3609,2,156,1480,73
3610,4,156,1549,73
3611,1,156,1554,73
3612,1,156,1638,132
3613,1,156,214,4
3614,1,156,1733,73
3615,8,156,425,132
3616,3,156,1557,73
3617,5,156,1558,73
3618,1,156,1580,73
3619,5,156,610,73
3620,1,156,1518,73
3621,2,156,1578,73
3622,2,156,1734,73
3623,1,156,643,73
3624,1,156,396,73
3625,1,156,626,73
3626,3,156,1698,73
3627,1,156,1391,73
3628,2,156,135,73
3629,5,156,1735,73
3630,6,156,1350,73
3631,1,156,374,73
3632,1,156,1490,73
3633,1,156,1394,73
3634,2,156,1559,73
3635,1,156,239,73
3636,2,156,1707,73
3637,1,156,87,73
3638,1,156,1708,73
3639,1,156,1736,73
3640,1,156,222,73
3641,1,156,1737,73
3642,1,156,1738,73
3643,1,156,1739,73
3644,1,156,1740,73
3645,1,156,891,73
3646,1,156,1494,73
3647,1,156,1741,73
3648,1,156,1571,73
3649,1,156,1742,73
3650,1,156,1743,73
3651,1,156,286,73
3652,1,156,1564,73
3653,1,156,1744,73
3654,1,156,1529,73
3655,1,156,1382,73
3656,9,157,1745,73
3657,2,157,1579,73
3658,9,157,1,73
3659,2,157,1296,73
3660,8,157,1396,73
3661,9,157,1306,73
3662,1,157,1746,73
3663,28,157,1607,73
3664,1,157,1747,73
3665,5,157,1348,73
3666,1,157,1748,73
3667,6,157,27,73
3668,2,157,794,73
3669,2,157,1316,73
3670,4,157,1749,73
3671,3,157,222,51
3672,10,157,4,73
3673,3,157,1750,73
3674,3,157,1616,73
3675,2,157,1751,73
3676,4,157,1752,73
3677,7,157,1753,73
3678,6,157,1754,73
3679,7,157,1360,73
3680,1,157,1755,73
3681,7,157,1756,73
3682,4,157,299,73
3683,2,157,1385,73
3684,3,157,1427,73
3685,1,157,1757,51
3686,1,157,470,51
3687,1,157,1758,73
3688,1,157,1759,73
3689,1,157,1426,73
3690,1,157,1760,73
3691,1,157,1407,73
3692,1,157,1761,73
3693,5,157,718,73
3694,7,157,1762,73
3695,1,157,1763,73
3696,2,157,610,73
3697,1,157,1739,73
3698,1,157,1764,51
3699,1,157,466,51
3700,1,157,1614,73
3701,2,157,1765,73
3702,1,157,1766,73
3703,9,157,1351,73
3704,4,157,1323,73
3705,2,157,1767,73
3706,7,157,1768,73
3707,7,157,8,73
3708,1,157,1769,73
3709,1,157,111,51
3710,1,157,192,51
3711,1,157,1699,73
3712,5,157,1444,73
3713,2,157,1342,73
3714,5,157,1770,73
3715,1,157,1423,73
3716,2,157,1445,73
3717,6,157,1771,73
3718,2,157,1772,73
3719,2,157,1773,73
3720,2,157,1591,73
3721,1,157,1774,73
3722,3,157,1359,73
3723,1,157,1775,73
3724,1,157,1776,73
3725,4,157,1777,73
3726,8,157,1778,73
3727,4,157,1672,73
3728,3,157,1439,73
3729,3,157,1433,73
3730,1,157,1382,73
3731,1,157,1346,73
3732,1,157,1779,73
3733,1,157,1378,73
3734,1,157,53,73
3735,4,157,1780,73
3736,3,157,1285,73
3737,1,157,1321,73
3738,2,157,912,73
3739,3,157,1781,73
3740,1,157,1782,73
3741,1,157,1735,73
3742,1,157,1640,73
3743,1,157,1783,73
3744,2,157,1784,73
3745,3,157,1785,73
3746,3,157,1786,73
3747,1,157,1787,73
3748,1,157,1472,73
3749,1,157,1788,73
3750,1,157,1789,73
3751,1,157,975,73
3752,1,157,1689,73
3753,1,157,1790,27
3754,1,158,116,8
3755,2,159,553,144
3756,1,159,169,144
3757,1,159,1740,73
3758,3,159,1,73
3759,1,159,863,144
3760,2,159,1426,73
3761,2,159,1791,73
3762,1,159,1477,73
3763,1,159,1700,73
3764,18,160,1792,73
3765,10,160,76,73
3766,4,160,308,73
3767,5,160,1523,73
3768,5,160,1793,73
3769,1,160,1794,73
3770,1,160,1795,73
3771,20,160,387,73
3772,4,160,1610,73
3773,1,160,1796,73
3774,1,160,1797,73
3775,10,160,1604,73
3776,3,160,1798,73
3777,9,160,1715,73
3778,3,160,1717,73
3779,4,160,1799,73
3780,2,160,706,73
3781,2,160,1705,73
3782,1,160,1800,73
3783,3,160,159,73
3784,1,160,1611,73
3785,1,160,1666,73
3786,2,161,1791,73
3787,1,161,49,73
3788,3,161,1801,73
3789,1,161,188,73
3790,1,161,1700,73
3791,2,161,1802,73
3792,1,161,1372,73
3793,2,162,1803,73
3794,2,162,177,73
3795,3,162,374,73
3796,2,162,1396,73
3797,6,162,1,73
3798,3,162,1579,73
3799,1,162,1171,73
3800,1,162,1726,73
3801,1,162,1576,73
3802,1,162,1485,73
3803,3,162,195,73
3804,1,162,1541,73
3805,1,162,1526,73
3806,4,162,1804,73
3807,2,162,4,73
3808,7,162,217,73
3809,2,162,1805,73
3810,3,162,1607,73
3811,1,162,1699,73
3812,3,162,1676,73
3813,2,162,10,73
3814,2,162,1806,73
3815,2,162,1807,73
3816,1,162,1808,73
3817,1,162,1809,73
3818,1,162,1588,73
3819,1,162,222,73
3820,2,162,1465,73
3821,1,162,953,73
3822,1,162,1810,73
3823,1,162,1811,73
3824,7,162,135,73
3825,1,162,1812,73
3826,2,162,1813,73
3827,4,162,1814,73
3828,2,162,1815,73
3829,2,162,1735,73
3830,2,162,626,73
3831,1,162,1816,73
3832,1,162,1467,73
3833,1,162,1518,73
3834,1,162,1350,73
3835,1,162,1791,73
3836,1,162,1817,73
3837,2,162,1683,73
3838,5,162,610,73
3839,4,162,860,73
3840,3,162,1818,73
3841,1,162,1580,73
3842,1,162,843,73
3843,1,162,239,73
3844,1,162,1819,73
3845,1,162,1388,73
3846,1,162,809,73
3847,3,163,635,73
3848,8,163,1484,73
3849,3,163,1505,73
3850,1,163,1320,73
3851,1,163,1820,73
3852,5,163,1501,73
3853,11,163,4,73
3854,14,163,726,73
3855,1,163,1483,73
3856,10,163,87,73
3857,21,163,1,73
3858,1,163,1530,73
3859,1,163,1619,73
3860,2,163,1629,131
3861,2,163,298,73
3862,1,163,1537,73
3863,4,163,1394,73
3864,1,163,1821,73
3865,6,163,243,73
3866,1,163,1478,73
3867,1,163,1822,73
3868,1,163,1577,73
3869,1,163,1699,73
3870,1,163,1554,73
3871,2,163,1523,73
3872,1,163,1506,73
3873,4,163,1823,73
3874,4,163,1824,73
3875,1,163,1502,73
3876,3,163,257,73
3877,2,163,1524,73
3878,2,163,1825,73
3879,2,163,290,73
3880,4,163,610,73
3881,2,163,1826,73
3882,2,163,1556,73
3883,2,163,49,73
3884,2,163,1827,73
3885,2,163,1515,73
3886,1,163,1828,73
3887,2,163,1396,73
3888,1,163,1508,73
3889,1,163,527,73
3890,1,163,1522,73
3891,1,163,1350,73
3892,2,163,1818,73
3893,4,163,1829,73
3894,3,163,1509,73
3895,1,163,135,73
3896,1,163,1705,73
3897,1,163,1735,73
3898,1,163,1732,73
3899,1,163,1830,73
3900,4,164,1544,73
3901,2,164,1516,73
3902,4,164,1503,73
3903,1,164,1820,73
3904,3,164,1827,73
3905,2,164,1502,73
3906,4,164,298,73
3907,2,164,1320,73
3908,2,164,1530,73
3909,1,164,1831,73
3910,1,164,387,73
3911,1,164,1554,73
3912,2,164,1499,73
3913,2,164,1497,73
3914,2,164,1500,73
3915,1,164,4,73
3916,1,164,1485,73
3917,1,164,1550,73
3918,1,164,257,73
3919,2,164,1832,73
3920,1,164,396,73
3921,1,165,116,8
3922,8,166,234,73
3923,5,166,1833,73
3924,1,166,1834,73
3925,5,166,1835,148
3926,1,166,1836,148
3927,1,166,1837,148
3928,1,166,1838,148
3929,1,166,1839,148
3930,1,166,1350,148
3931,3,167,1840,73
3932,2,167,1841,73
3933,5,167,1842,73
3934,1,167,1843,73
3935,4,167,1583,73
3936,1,167,1844,73
3937,2,167,532,73
3938,2,167,1845,73
3939,2,167,1846,73
3940,5,167,1847,73
3941,1,167,1848,73
3942,1,167,1849,73
3943,1,167,1850,73
3944,1,167,1851,73
3945,1,168,116,8
3946,1,169,1852,84
3947,2,169,1853,10
3948,2,170,84,84
3949,2,170,1854,84
3950,1,170,1855,84
3951,1,170,1856,84
3952,3,170,1857,84
3953,1,170,1858,84
3954,3,170,1859,84
3955,4,170,1860,84
3956,3,170,626,84
3957,1,170,1861,84
3958,10,170,1862,10
3959,4,170,374,10
3960,7,170,1863,10
3961,10,170,505,10
3962,3,170,1864,84
3963,7,170,1865,10
3964,2,170,1866,10
3965,20,170,1867,10
3966,9,170,1868,10
3967,1,170,1263,10
3968,1,170,444,10
3969,1,170,751,84
3970,4,170,1869,10
3971,2,170,1870,10
3972,1,170,1272,10
3973,1,170,215,10
3974,2,170,1871,10
3975,2,170,1545,10
3976,1,170,1872,10
3977,6,171,174,10
3978,1,171,1873,10
3979,1,171,1874,10
3980,1,171,730,10
3981,2,171,1875,10
3982,2,171,643,10
3983,3,171,1876,10
3984,1,172,1877,10
3985,1,172,1878,10
3986,1,172,747,10
3987,1,172,1879,10
3988,1,172,1880,10
3989,1,172,1881,10
3990,1,172,1882,10
3991,1,172,1883,10
3992,1,172,532,10
3993,1,172,1876,10
3994,1,172,729,10
3995,1,173,1873,10
3996,1,173,741,10
3997,1,173,746,10
3998,1,173,167,10
3999,1,173,1884,10
4000,1,173,1885,10
4001,1,173,1886,10
4002,2,173,795,10
4003,2,173,1887,10
4004,4,173,1136,10
4005,3,174,1888,152
4006,3,174,237,152
4007,2,174,749,10
4008,4,174,754,10
4009,2,174,1878,10
4010,2,174,1889,10
4011,1,174,757,10
4012,2,174,1890,10
4013,3,174,795,10
4014,4,174,1274,152
4015,4,174,1891,152
4016,2,175,1892,10
4017,3,175,201,10
4018,1,175,749,10
4019,1,175,741,10
4020,1,175,743,10
4021,1,175,737,10
4022,2,175,755,10
4023,2,175,1893,10
4024,3,175,1894,10
4025,4,175,280,10
4026,4,175,8,10
4027,2,175,1895,10
4028,2,175,1896,10
4029,3,175,1897,10
4030,2,175,1898,10
4031,1,176,1899,10
4032,1,176,1900,10
4033,1,176,1901,10
4034,25,176,188,10
4035,2,176,527,10
4036,17,176,1902,10
4037,5,176,1263,10
4038,1,176,1903,10
4039,1,176,1884,10
4040,3,176,1904,10
4041,2,176,1905,10
4042,1,176,1261,10
4043,1,176,1906,10
4044,1,176,1907,10
4045,2,176,629,10
4046,2,176,1908,10
4047,1,177,1909,131
4048,1,177,1910,153
4049,11,178,1,156
4050,1,178,1911,84
4051,10,178,1912,156
4052,12,178,726,10
4053,3,178,1913,10
4054,1,178,418,10
4055,5,178,644,10
4056,20,178,41,10
4057,4,178,466,10
4058,1,178,444,10
4059,1,178,629,10
4060,1,178,201,10
4061,5,178,1272,10
4062,1,178,1914,10
4063,2,178,1915,10
4064,5,178,380,10
4065,3,178,1916,10
4066,1,178,1878,10
4067,2,178,1917,10
4068,1,178,1918,10
4069,1,178,1267,10
4070,1,178,232,10
4071,1,178,1919,10
4072,1,178,1920,10
4073,2,178,1136,10
4074,1,178,8,10
4075,2,178,1895,10
4076,2,178,1921,10
4077,2,178,1922,10
4078,2,178,1271,10
4079,2,178,1923,10
4080,1,179,741,10
4081,2,179,1874,10
4082,2,179,729,10
4083,1,179,167,10
4084,2,179,1875,10
4085,1,179,1881,10
4086,3,179,1924,10
4087,5,179,1886,10
4088,1,180,428,10
4089,1,180,725,10
4090,1,180,721,10
4091,1,180,610,10
4092,5,180,1925,10
4093,2,180,745,10
4094,2,180,135,10
4095,4,180,84,10
4096,3,180,1926,10
4097,4,180,724,10
4098,4,180,1927,10
4099,1,180,1402,10
4100,1,180,531,10
4101,1,180,1928,10
4102,2,180,1929,10
4103,1,180,1930,10
4104,5,180,553,10
4105,4,180,754,10
4106,8,180,1931,10
4107,1,180,756,10
4108,2,180,749,10
4109,3,180,1932,10
4110,2,180,729,10
4111,3,180,1933,10
4112,2,181,610,10
4113,1,181,1934,10
4114,3,181,505,10
4115,2,181,444,10
4116,8,181,1935,10
4117,7,181,1936,10
4118,3,181,27,10
4119,2,181,1937,10
4120,5,181,4,10
4121,6,181,731,10
4122,1,181,1938,10
4123,2,181,120,10
4124,2,181,3,10
4125,5,182,1903,10
4126,6,182,1905,10
4127,2,182,1867,10
4128,2,182,1876,10
4129,2,182,1934,10
4130,1,182,1939,10
4131,1,182,731,10
4132,1,182,1884,10
4133,2,182,1902,10
4134,3,182,174,10
4135,5,182,1871,10
4136,1,182,505,10
4137,1,182,806,10
4138,2,182,1545,10
4139,3,183,1940,152
4140,2,183,1941,152
4141,4,183,1942,152
4142,2,183,374,152
4143,1,183,1943,152
4144,2,183,84,152
4145,1,183,1944,152
4146,1,183,1604,152
4147,1,183,1945,152
4148,6,183,226,10
4149,1,183,1925,10
4150,2,183,1,10
4151,2,183,1946,10
4152,4,183,681,10
4153,2,183,1947,10
4154,2,183,1948,10
4155,1,183,76,10
4156,5,183,726,10
4157,2,183,1949,10
4158,1,183,531,10
4159,5,183,1950,10
4160,1,183,1873,10
4161,2,183,737,10
4162,11,183,910,10
4163,5,183,1951,10
4164,5,183,1930,10
4165,1,183,1889,10
4166,4,183,746,10
4167,1,183,729,10
4168,1,183,428,10
4169,3,183,234,10
4170,1,183,749,10
4171,2,183,728,10
4172,1,183,1932,10
4173,2,183,1882,10
4174,2,183,1881,10
4175,2,184,4,10
4176,2,184,1952,10
4177,5,184,1659,10
4178,4,184,1,10
4179,2,184,1936,10
4180,3,184,1953,10
4181,2,184,1954,10
4182,4,185,1955,10
4183,1,185,741,10
4184,1,185,747,10
4185,1,185,726,10
4186,9,185,1,10
4187,14,185,748,10
4188,6,185,1951,10
4189,4,185,234,10
4190,1,185,739,10
4191,1,185,1607,84
4192,6,185,1933,10
4193,1,185,1956,10
4194,2,185,1957,10
4195,2,185,1958,10
4196,17,186,174,10
4197,24,186,1865,10
4198,6,186,806,10
4199,7,186,135,10
4200,1,186,195,10
4201,1,186,387,10
4202,18,186,1903,10
4203,2,186,770,10
4204,11,186,664,10
4205,1,186,618,10
4206,2,186,1959,10
4207,2,186,1960,10
4208,1,187,1024,157
4209,3,187,1961,157
4210,1,187,1962,157
4211,1,187,1963,157
4212,1,187,174,10
4213,1,187,1866,10
4214,7,187,505,10
4215,2,187,1964,10
4216,2,187,1965,10
4217,1,187,418,10
4218,2,187,374,10
4219,1,187,120,10
4220,1,187,1853,10
4221,2,187,1966,10
4222,4,187,444,10
4223,7,187,618,10
4224,1,187,1263,10
4225,1,187,1904,10
4226,2,187,628,10
4227,2,187,664,10
4228,1,187,615,10
4229,1,187,1967,10
4230,4,187,1960,10
4231,1,187,1968,10
4232,1,187,1969,10
4233,1,187,1970,10
4234,1,187,1269,10
4235,3,187,295,10
4236,2,187,466,10
4237,1,187,1268,10
4238,2,187,1971,10
4239,2,187,1270,10
4240,2,187,1972,10
4241,2,188,1973,158
4242,1,188,1974,158
4243,1,188,745,158
4244,2,188,1975,158
4245,2,188,1976,158
4246,4,189,1109,10
4247,1,189,202,10
4248,8,189,1675,10
4249,1,189,1977,10
4250,2,189,1978,10
4251,1,189,1900,10
4252,1,189,1263,10
4253,2,189,1902,10
4254,1,189,298,10
4255,1,189,759,10
4256,1,189,618,10
4257,3,189,1272,10
4258,3,189,1979,10
4259,2,189,505,10
4260,1,189,1960,10
4261,2,189,629,10
4262,2,189,1980,10
4263,2,189,1981,10
4264,3,190,1982,10
4265,2,190,1109,10
4266,2,190,1983,10
4267,3,190,1984,10
4268,2,190,644,10
4269,2,190,527,10
4270,1,190,1253,10
4271,3,190,1985,10
4272,1,190,291,10
4273,2,190,1986,10
4274,1,190,87,10
4275,3,190,204,10
4276,1,190,387,10
4277,10,190,49,10
4278,1,190,466,10
4279,1,190,1987,10
4280,11,190,1876,10
4281,8,190,1988,10
4282,3,190,1989,10
4283,1,190,1981,10
4284,1,190,1990,10
4285,2,190,120,10
4286,5,190,759,10
4287,1,190,373,10
4288,2,190,760,10
4289,3,190,1267,10
4290,3,190,1917,10
4291,2,190,1991,10
4292,2,190,1967,10
4293,1,190,1919,10
4294,1,190,1920,10
4295,3,190,16,10
4296,3,190,1992,10
4297,1,190,1993,10
4298,2,190,1923,10
4299,9,191,1266,10
4300,19,191,308,10
4301,3,191,1903,10
4302,3,191,1867,10
4303,7,191,505,10
4304,2,191,1536,10
4305,2,191,174,10
4306,4,191,1865,10
4307,2,191,1260,10
4308,3,191,618,10
4309,4,191,762,10
4310,1,191,1970,10
4311,2,191,761,10
4312,1,192,116,8
4313,7,193,1900,10
4314,2,193,1994,10
4315,8,193,1536,10
4316,3,193,1977,10
4317,2,193,291,10
4318,5,193,760,10
4319,16,193,298,10
4320,8,193,120,10
4321,2,193,759,10
4322,1,193,624,10
4323,1,193,1995,10
4324,9,193,1996,10
4325,2,193,1109,10
4326,1,193,1997,10
4327,5,193,66,10
4328,3,193,527,10
4329,3,194,1998,161
4330,3,194,1999,161
4331,1,194,2000,161
4332,1,194,2001,161
4333,1,194,2002,161
4334,1,194,2003,161
4335,1,194,87,161
4336,1,194,2004,161
4337,2,194,739,10
4338,1,194,736,10
4339,1,194,1873,10
4340,2,194,737,10
4341,3,194,729,10
4342,6,194,679,10
4343,3,194,1875,10
4344,4,194,428,10
4345,3,195,174,10
4346,1,195,795,10
4347,1,196,1878,10
4348,1,196,380,10
4349,2,196,735,10
4350,5,196,1877,10
4351,11,196,1887,10
4352,5,196,1873,10
4353,4,196,215,10
4354,6,196,8,10
4355,2,196,753,10
4356,6,196,1876,10
4357,7,196,428,10
4358,1,196,2005,162
4359,4,196,280,10
4360,6,196,1886,10
4361,3,196,126,10
4362,2,196,1895,10
4363,2,196,2006,10
4364,1,197,116,8
4365,2,198,2007,10
4366,4,198,1949,10
4367,1,198,1402,10
4368,5,198,595,10
4369,2,198,2008,10
4370,2,198,780,10
4371,2,198,1928,10
4372,1,198,76,10
4373,1,198,444,10
4374,1,198,749,10
4375,1,198,748,10
4376,6,198,629,10
4377,5,198,1874,10
4378,2,198,428,10
4379,2,198,1,10
4380,1,198,308,10
4381,7,198,693,10
4382,2,198,1997,10
4383,1,199,116,8
4384,11,200,49,10
4385,2,200,2009,10
4386,1,200,1986,10
4387,2,200,2010,10
4388,1,200,1253,10
4389,1,200,2011,10
4390,3,200,291,10
4391,4,200,1985,10
4392,2,200,2012,10
4393,2,200,1983,10
4394,3,200,1988,10
4395,4,200,373,10
4396,1,200,2013,10
4397,1,200,2014,163
4398,1,200,1989,10
4399,2,200,759,10
4400,1,200,2015,10
4401,4,200,380,10
4402,2,200,1997,10
4403,2,200,16,10
4404,2,200,120,10
4405,1,201,2016,10
4406,1,201,2017,10
4407,1,201,754,10
4408,13,201,428,10
4409,9,201,1874,10
4410,5,201,1876,10
4411,5,201,2018,10
4412,11,201,1988,10
4413,10,201,728,10
4414,1,201,1950,10
4415,1,201,234,10
4416,4,201,1955,10
4417,1,201,639,10
4418,5,201,1,10
4419,2,201,737,10
4420,1,201,1914,10
4421,1,201,247,10
4422,2,201,2019,10
4423,1,201,2020,10
4424,1,201,8,10
4425,2,201,693,10
4426,4,201,634,10
4427,1,201,1997,10
4428,5,201,1956,10
4429,2,201,1895,10
4430,2,201,2021,10
4431,2,201,2022,10
4432,1,201,2023,10
4433,4,202,736,10
4434,1,202,739,10
4435,3,202,747,10
4436,2,202,1950,10
4437,2,202,730,10
4438,5,202,1883,10
4439,3,202,729,10
4440,2,202,1876,10
4441,8,203,527,10
4442,13,203,1536,10
4443,3,203,2024,10
4444,2,203,418,10
4445,3,203,1807,10
4446,1,203,27,10
4447,1,203,706,84
4448,1,203,1253,10
4449,1,203,606,4
4450,6,203,2025,10
4451,18,203,308,10
4452,1,203,2026,164
4453,5,203,624,10
4454,3,203,2027,10
4455,5,203,66,10
4456,2,203,2028,10
4457,6,204,2029,10
4458,1,204,2010,10
4459,2,204,2030,10
4460,2,204,2031,10
4461,14,204,628,10
4462,7,204,505,10
4463,5,204,615,10
4464,12,204,618,10
4465,1,204,1,156
4466,4,204,2032,156
4467,1,204,2033,156
4468,1,204,753,10
4469,4,204,1967,10
4470,4,204,2034,10
4471,2,204,1917,10
4472,2,204,1267,10
4473,2,204,2035,10
4474,2,204,2036,10
4475,1,204,1919,10
4476,1,204,1920,10
4477,1,204,1969,10
4478,2,204,1907,10
4479,3,204,1271,10
4480,2,204,1269,10
4481,2,204,1960,10
4482,2,204,2037,10
4483,2,204,1270,10
4484,2,204,1923,10
4485,2,204,2038,10
4486,1,205,747,10
4487,2,205,750,10
4488,5,205,1889,10
4489,2,205,167,10
4490,8,205,1897,10
4491,1,206,2039,10
4492,1,206,2040,10
4493,2,206,1883,10
4494,1,206,2041,10
4495,6,207,624,10
4496,5,207,27,10
4497,5,207,2042,10
4498,5,207,1934,10
4499,1,207,731,10
4500,2,207,759,10
4501,2,207,1995,10
4502,2,207,1865,10
4503,1,207,1659,10
4504,1,207,809,10
4505,1,207,1954,10
4506,2,207,1938,10
4507,2,207,1,10
4508,1,208,758,10
4509,3,208,3,10
4510,2,208,2043,10
4511,5,208,1659,10
4512,1,208,731,10
4513,1,208,1884,10
4514,1,208,4,10
4515,1,208,2044,10
4516,1,208,2045,10
4517,1,208,1936,10
4518,2,208,2046,10
4519,2,208,2047,10
4520,7,209,1994,10
4521,1,209,374,10
4522,3,209,87,10
4523,2,209,1977,10
4524,15,209,1109,10
4525,13,209,2048,10
4526,6,209,298,10
4527,10,209,2049,10
4528,6,209,1981,10
4529,2,209,1996,10
4530,1,209,610,10
4531,1,209,135,10
4532,2,209,1995,10
4533,3,209,2050,10
4534,1,209,1980,10
4535,4,209,1876,10
4536,1,209,2051,10
4537,2,209,380,10
4538,1,210,1877,10
4539,1,210,739,10
4540,2,210,923,10
4541,2,211,770,10
4542,3,211,1903,10
4543,4,211,1904,10
4544,1,211,1865,10
4545,2,211,1867,10
4546,5,211,1263,10
4547,4,211,444,10
4548,3,211,135,10
4549,1,211,1902,10
4550,6,211,505,10
4551,2,211,1868,10
4552,7,211,618,10
4553,3,211,1969,10
4554,2,211,1272,10
4555,1,211,1268,10
4556,5,212,49,166
4557,1,212,2052,166
4558,2,212,706,166
4559,16,212,466,166
4560,1,212,1858,84
4561,1,212,202,10
4562,11,212,2053,10
4563,1,212,2054,10
4564,4,212,374,10
4565,3,212,1866,10
4566,8,212,505,10
4567,1,212,387,10
4568,1,212,87,10
4569,2,212,2055,10
4570,1,212,1857,84
4571,2,212,1861,84
4572,1,212,2030,10
4573,1,212,2056,10
4574,3,212,639,10
4575,2,212,290,167
4576,1,212,903,168
4577,2,212,418,10
4578,10,212,8,10
4579,35,212,1876,10
4580,6,212,1870,10
4581,12,212,1869,10
4582,5,212,2057,10
4583,1,212,2058,10
4584,1,212,1262,10
4585,3,212,215,10
4586,1,212,1930,10
4587,1,212,280,10
4588,2,212,1938,10
4589,1,212,1987,10
4590,2,212,4,10
4591,1,212,1892,10
4592,1,212,1955,10
4593,1,212,2059,10
4594,1,212,2060,10
4595,1,212,1931,10
4596,1,212,1989,10
4597,4,212,1867,10
4598,1,212,2061,10
4599,2,212,624,10
4600,1,212,174,10
4601,2,212,1967,10
4602,2,212,1917,10
4603,2,212,1267,10
4604,2,212,2062,10
4605,2,212,2063,10
4606,5,212,1871,10
4607,2,212,1269,10
4608,3,212,1271,10
4609,1,212,1872,10
4610,2,212,2037,10
4611,2,212,1270,10
4612,2,212,1959,10
4613,3,213,809,10
4614,6,213,49,10
4615,4,213,531,10
4616,1,213,723,10
4617,5,213,387,10
4618,1,213,1402,10
4619,1,213,1928,10
4620,1,213,746,10
4621,1,213,735,10
4622,7,213,1950,10
4623,4,213,1878,10
4624,6,213,747,10
4625,3,213,754,10
4626,1,213,1951,10
4627,1,213,610,10
4628,1,213,750,10
4629,1,213,643,10
4630,1,213,2039,10
4631,1,213,201,10
4632,1,213,280,10
4633,1,213,2064,10
4634,3,214,873,10
4635,1,214,727,10
4636,4,214,2065,10
4637,4,214,466,10
4638,4,214,610,10
4639,1,214,643,10
4640,4,214,215,10
4641,3,214,1012,10
4642,4,214,428,10
4643,2,214,720,10
4644,2,214,745,10
4645,3,214,2066,10
4646,4,214,2059,10
4647,15,214,2067,10
4648,9,214,1877,10
4649,1,214,1914,10
4650,4,214,755,10
4651,1,214,1873,10
4652,3,214,1892,10
4653,2,214,1950,10
4654,1,214,1924,10
4655,2,214,2068,10
4656,1,214,8,10
4657,2,214,2069,10
4658,3,215,505,10
4659,2,215,1263,10
4660,1,216,2070,84
4661,22,216,4,10
4662,1,216,1866,10
4663,3,216,2071,10
4664,2,216,2072,10
4665,15,216,1,10
4666,4,216,2073,10
4667,1,216,2074,10
4668,1,216,2075,10
4669,9,216,731,10
4670,3,216,2076,10
4671,1,216,1936,10
4672,1,216,2077,10
4673,3,216,1934,10
4674,4,216,2078,10
4675,2,216,1876,10
4676,5,216,27,10
4677,3,216,2079,10
4678,1,216,1954,10
4679,1,216,624,10
4680,2,216,2080,10
4681,3,217,2081,169
4682,2,217,2082,169
4683,2,217,2083,169
4684,1,217,2084,169
4685,1,217,2085,169
4686,1,217,553,169
4687,1,217,2086,169
4688,2,217,2087,169
4689,1,217,2088,169
4690,2,217,2089,169
4691,3,217,2090,169
4692,1,217,2091,169
4693,1,217,2092,169
4694,4,217,2093,169
4695,1,217,2065,10
4696,3,217,873,10
4697,4,217,727,10
4698,1,217,2094,10
4699,2,217,1946,10
4700,11,217,428,10
4701,2,217,643,10
4702,3,217,2095,10
4703,1,217,720,10
4704,1,217,2096,85
4705,2,217,2097,85
4706,8,217,2067,10
4707,9,217,1887,10
4708,13,217,2017,10
4709,1,217,732,10
4710,5,217,2059,10
4711,2,217,737,10
4712,2,217,2098,85
4713,2,217,1914,10
4714,1,217,1874,10
4715,10,218,188,10
4716,3,218,1261,10
4717,2,218,1536,10
4718,2,218,444,10
4719,11,218,308,10
4720,4,218,628,10
4721,4,218,2058,10
4722,11,218,174,10
4723,3,218,1902,10
4724,2,218,4,10
4725,1,218,615,10
4726,2,218,1966,10
4727,2,218,624,10
4728,3,218,1865,10
4729,1,218,1995,10
4730,2,218,1903,10
4731,3,218,27,10
4732,1,218,120,10
4733,2,218,1,10
4734,2,218,1967,10
4735,2,218,1267,10
4736,1,218,1259,10
4737,1,218,1919,10
4738,1,218,1920,10
4739,1,218,2099,10
4740,1,218,915,10
4741,3,218,84,10
4742,3,218,1085,10
4743,1,218,2046,10
4744,2,218,1659,10
4745,1,218,16,10
4746,1,218,2079,10
4747,1,218,380,10
4748,2,218,505,10
4749,1,218,1960,10
4750,1,218,2044,10
4751,1,218,941,10
4752,1,218,2045,10
4753,1,218,1907,10
4754,1,218,2100,10
4755,1,218,1936,10
4756,1,218,1993,10
4757,2,218,806,10
4758,1,218,2101,10
4759,1,218,466,10
4760,1,218,3,10
4761,1,218,373,10
4762,2,218,1135,10
4763,3,218,2102,10
4764,2,218,743,10
4765,2,218,1979,10
4766,4,219,1,10
4767,1,219,748,10
4768,1,219,1951,10
4769,2,219,1957,10
4770,2,219,1933,10
4771,3,219,135,10
4772,3,219,634,10
4773,2,219,610,10
4774,2,219,308,10
4775,2,219,1885,10
4776,2,220,2103,10
4777,2,220,2008,10
4778,1,220,2104,172
4779,2,220,527,10
4780,1,220,2105,172
4781,3,220,1402,10
4782,1,220,2007,10
4783,1,220,2106,172
4784,1,220,1925,10
4785,5,220,1881,10
4786,2,220,2041,10
4787,3,221,298,10
4788,4,221,1109,10
4789,1,221,731,10
4790,2,221,915,10
4791,1,221,1989,10
4792,4,221,49,10
4793,4,221,84,10
4794,1,221,2107,10
4795,2,221,1993,10
4796,1,221,2108,10
4797,2,221,1135,10
4798,5,222,1272,10
4799,8,222,1536,10
4800,2,222,1675,10
4801,2,222,505,10
4802,1,222,27,10
4803,3,222,1265,10
4804,7,222,1931,10
4805,8,222,308,10
4806,2,222,2036,10
4807,10,222,1876,10
4808,1,222,1264,10
4809,1,222,1917,10
4810,1,222,1267,10
4811,1,222,2109,10
4812,4,222,66,10
4813,4,222,809,10
4814,1,222,2110,10
4815,3,222,527,10
4816,2,222,1923,10
4817,2,222,2111,10
4818,1,223,735,10
4819,2,223,736,10
4820,2,224,298,10
4821,2,224,2013,10
4822,4,224,49,10
4823,1,224,87,10
4824,2,224,915,10
4825,3,224,84,10
4826,3,224,16,10
4827,1,224,2112,10
4828,1,224,2113,10
4829,1,224,2114,10
4830,2,224,1135,10
4831,2,225,2115,10
4832,7,225,610,10
4833,2,225,135,10
4834,3,225,1,10
4835,1,225,1876,10
4836,4,225,797,10
4837,5,225,2116,10
4838,2,225,4,10
4839,1,225,2117,10
4840,2,225,2044,10
4841,2,225,2076,10
4842,2,226,910,10
4843,2,226,1930,10
4844,3,226,752,10
4845,2,226,1882,10
4846,1,226,634,10
4847,3,226,2022,10
4848,3,226,693,10
4849,3,227,610,10
4850,2,227,739,10
4851,3,227,643,10
4852,1,227,729,10
4853,5,227,532,10
4854,1,227,629,10
4855,4,227,634,10
4856,2,227,923,10
4857,1,228,1136,10
4858,2,229,759,10
4859,5,229,1853,10
4860,3,229,120,10
4861,2,229,188,10
4862,1,229,298,10
4863,3,229,527,10
4864,1,229,761,10
4865,2,230,759,10
4866,7,230,120,10
4867,1,230,760,10
4868,4,230,298,10
4869,1,230,1979,10
4870,3,230,2118,10
4871,1,230,1899,10
4872,1,230,2015,10
4873,2,231,2119,10
4874,1,231,135,10
4875,3,231,591,10
4876,2,231,4,10
4877,2,231,289,10
4878,4,231,2120,10
4879,1,231,606,4
4880,1,231,49,10
4881,12,231,2099,10
4882,5,231,2121,10
4883,5,231,94,10
4884,4,231,1990,10
4885,2,231,2122,10
4886,6,231,374,85
4887,2,231,373,10
4888,4,231,2034,10
4889,1,231,1536,10
4890,6,231,1967,10
4891,5,231,1267,10
4892,5,231,1917,10
4893,1,231,466,10
4894,3,231,2063,10
4895,3,231,2062,10
4896,1,231,1920,10
4897,1,231,615,10
4898,7,231,1876,10
4899,3,231,2123,10
4900,3,231,2124,10
4901,1,231,743,10
4902,3,231,1271,10
4903,3,231,2038,10
4904,4,231,1269,10
4905,1,231,2108,10
4906,1,231,2114,10
4907,1,231,2125,10
4908,1,231,2107,10
4909,1,231,2126,10
4910,2,231,1270,10
4911,2,231,1923,10
4912,1,232,135,10
4913,11,232,1,10
4914,2,232,527,10
4915,6,232,4,10
4916,2,232,2071,10
4917,1,232,1947,10
4918,1,232,2075,10
4919,3,232,2127,10
4920,1,232,610,10
4921,1,232,2074,10
4922,1,232,748,10
4923,5,232,624,10
4924,4,232,1876,10
4925,1,232,1536,10
4926,2,232,2076,10
4927,1,232,2044,10
4928,3,232,1659,10
4929,3,232,2080,10
4930,1,232,1937,10
4931,1,232,2128,10
4932,2,233,76,10
4933,1,233,1402,10
4934,9,233,752,10
4935,1,233,1951,10
4936,9,233,380,10
4937,1,233,629,10
4938,1,233,1915,10
4939,6,233,923,10
4940,5,233,1136,10
4941,1,234,2129,84
4942,1,234,2130,84
4943,1,234,2131,84
4944,1,234,201,84
4945,2,234,2132,176
4946,1,234,2133,176
4947,4,234,1929,10
4948,4,234,527,10
4949,2,234,2103,10
4950,2,234,532,10
4951,1,234,1865,10
4952,2,234,174,10
4953,4,234,2012,10
4954,4,234,643,10
4955,1,234,195,10
4956,1,234,2134,10
4957,1,234,387,10
4958,3,234,1978,10
4959,1,234,1994,10
4960,3,234,1536,10
4961,3,234,202,10
4962,1,234,1901,10
4963,2,234,1999,84
4964,3,235,2135,10
4965,3,235,291,10
4966,2,235,227,10
4967,21,235,49,10
4968,1,235,610,10
4969,2,235,1985,10
4970,2,235,1983,10
4971,2,235,289,10
4972,1,235,2010,10
4973,1,235,387,10
4974,1,235,1864,84
4975,6,235,84,84
4976,2,235,1991,10
4977,1,235,1857,84
4978,2,235,2033,84
4979,4,235,2136,84
4980,16,235,915,10
4981,10,235,87,10
4982,1,235,2137,10
4983,4,235,1135,10
4984,2,235,380,10
4985,1,235,373,10
4986,1,236,747,10
4987,4,236,910,10
4988,1,236,741,10
4989,2,236,755,10
4990,1,236,1893,10
4991,4,236,1924,10
4992,1,237,606,4
4993,1,237,8,10
4994,5,237,2137,10
4995,1,237,87,10
4996,10,237,1991,10
4997,10,237,2013,10
4998,8,237,1987,10
4999,8,237,49,10
5000,1,237,1996,10
5001,1,237,1989,10
5002,2,237,373,10
5003,3,237,1267,10
5004,2,237,1967,10
5005,3,237,1917,10
5006,1,237,2062,10
5007,1,237,1876,10
5008,2,237,1992,10
5009,1,237,1269,10
5010,1,237,783,10
5011,1,237,2112,10
5012,2,237,2138,10
5013,5,238,1983,10
5014,3,238,2139,10
5015,3,238,1899,10
5016,8,238,1536,10
5017,2,238,2140,10
5018,2,238,1986,10
5019,1,238,291,10
5020,1,238,87,10
5021,1,238,591,10
5022,1,238,94,10
5023,2,238,915,10
5024,2,238,2122,10
5025,3,239,2141,156
5026,21,239,624,10
5027,14,239,27,10
5028,1,239,2072,10
5029,8,239,4,10
5030,1,239,1995,10
5031,1,239,2142,156
5032,5,239,2143,10
5033,1,239,1937,10
5034,4,239,717,156
5035,3,239,1967,10
5036,1,239,2144,156
5037,4,239,2034,10
5038,1,239,1267,10
5039,1,239,1917,10
5040,2,239,2062,10
5041,2,239,2063,10
5042,2,239,226,156
5043,2,239,2036,10
5044,2,239,2035,10
5045,3,239,466,10
5046,1,239,1920,10
5047,1,239,1919,10
5048,3,239,2044,10
5049,1,239,2045,10
5050,1,239,2145,10
5051,2,239,1271,10
5052,2,239,2146,10
5053,2,239,2038,10
5054,2,239,2037,10
5055,2,240,1977,10
5056,10,240,629,10
5057,1,240,3,10
5058,1,240,527,10
5059,1,240,1263,10
5060,8,240,27,10
5061,3,240,2076,10
5062,1,240,1,10
5063,6,240,1938,10
5064,3,240,1937,10
5065,4,240,1952,10
5066,2,240,2043,10
5067,1,240,731,10
5068,2,240,4,10
5069,3,240,1992,10
5070,3,240,2044,10
5071,1,240,1876,10
5072,1,240,1954,10
5073,2,240,1923,10
5074,2,241,2147,50
5075,6,241,2148,137
5076,1,241,236,137
5077,1,241,505,137
5078,1,241,2149,137
5079,2,241,2150,137
5080,5,241,1068,137
5081,2,241,1735,137
5082,1,241,2151,137
5083,4,241,2152,50
5084,5,241,2153,137
5085,3,241,135,137
5086,1,241,446,137
5087,1,241,374,137
5088,4,241,643,137
5089,4,241,2003,137
5090,1,241,2154,50
5091,1,241,2155,137
5092,1,241,2156,137
5093,1,241,2157,50
5094,1,241,2158,50
5095,1,241,2159,50
5096,4,241,2160,137
5097,1,241,726,137
5098,1,241,2161,137
5099,1,241,2162,137
5100,2,241,718,137
5101,1,241,741,10
5102,5,241,629,10
5103,1,241,1892,10
5104,3,241,743,10
5105,3,241,746,10
5106,1,241,610,10
5107,2,241,2163,10
5108,1,241,8,10
5109,5,241,2069,10
5110,3,241,795,10
5111,2,241,1895,10
5112,2,241,2164,10
5113,2,242,1977,10
5114,1,242,1985,10
5115,1,242,227,10
5116,2,242,387,10
5117,4,242,1109,10
5118,1,242,1900,10
5119,15,242,87,10
5120,4,242,1995,10
5121,1,242,2122,10
5122,2,242,49,10
5123,8,242,373,10
5124,6,242,915,10
5125,13,242,732,10
5126,1,242,120,10
5127,1,242,2137,10
5128,5,242,16,10
5129,1,242,2138,10
5130,1,242,1993,10
5131,2,242,1876,10
5132,6,243,195,10
5133,7,243,2165,10
5134,6,243,2166,10
5135,1,243,374,10
5136,25,243,664,10
5137,26,243,1905,10
5138,14,243,174,10
5139,8,243,1876,10
5140,2,243,1995,10
5141,2,243,1545,10
5142,1,243,806,10
5143,3,243,2102,10
5144,2,243,1959,10
5145,1,244,2167,84
5146,2,244,656,84
5147,2,244,49,10
5148,7,244,2168,10
5149,2,244,2127,10
5150,2,244,374,10
5151,3,244,748,10
5152,4,244,1978,10
5153,4,244,1948,10
5154,1,244,2047,10
5155,5,244,2071,10
5156,3,244,3,10
5157,1,244,1995,10
5158,2,244,2060,10
5159,5,244,1,10
5160,4,244,1952,10
5161,1,244,2078,10
5162,6,244,1659,10
5163,4,244,731,10
5164,1,244,2077,10
5165,2,245,2127,10
5166,2,245,1952,10
5167,5,245,759,10
5168,1,245,2076,10
5169,2,245,1936,10
5170,6,245,2169,10
5171,4,245,1874,10
5172,3,245,3,10
5173,8,245,1659,10
5174,3,245,2077,10
5175,10,245,8,10
5176,1,245,1938,10
5177,3,245,2060,10
5178,1,245,1263,10
5179,1,245,1995,10
5180,1,245,4,10
5181,2,245,2042,10
5182,1,245,1920,10
5183,1,245,1919,10
5184,3,245,2170,10
5185,1,245,295,10
5186,3,245,2047,10
5187,1,245,2171,10
5188,3,245,1968,10
5189,1,245,466,10
5190,1,245,2172,10
5191,2,245,2044,10
5192,2,245,2146,10
5193,3,246,1966,10
5194,6,246,1902,10
5195,1,246,731,10
5196,4,246,1675,10
5197,6,246,188,10
5198,1,246,1884,10
5199,3,246,762,10
5200,2,246,1876,10
5201,3,247,195,180
5202,1,247,714,180
5203,5,247,2173,180
5204,2,247,2174,180
5205,3,247,174,181
5206,1,247,237,181
5207,14,247,1873,10
5208,7,247,2134,10
5209,8,247,751,10
5210,3,247,806,10
5211,2,247,740,10
5212,1,247,531,10
5213,1,247,643,10
5214,2,247,135,10
5215,1,247,770,10
5216,1,247,1172,10
5217,24,247,532,10
5218,1,247,1229,182
5219,1,247,1877,10
5220,2,247,610,10
5221,1,247,1916,10
5222,2,247,736,10
5223,1,247,749,10
5224,5,247,730,10
5225,1,247,1,10
5226,1,247,2175,182
5227,6,247,679,10
5228,2,248,195,10
5229,2,248,1986,10
5230,4,248,1865,10
5231,4,248,387,10
5232,3,248,188,10
5233,5,248,505,10
5234,2,248,87,10
5235,2,248,2176,10
5236,3,248,374,10
5237,3,248,1994,10
5238,2,248,624,10
5239,2,248,135,10
5240,1,248,2177,10
5241,9,248,27,10
5242,4,248,610,10
5243,4,248,1905,10
5244,7,248,1,10
5245,4,248,1902,10
5246,2,248,1675,10
5247,3,248,1903,10
5248,6,248,120,10
5249,5,248,2043,10
5250,6,248,2042,10
5251,3,248,734,10
5252,2,248,2049,10
5253,1,248,1904,10
5254,9,248,1995,10
5255,13,248,1876,10
5256,5,248,1966,10
5257,1,248,628,10
5258,1,248,1172,10
5259,3,248,732,10
5260,3,248,744,10
5261,4,248,770,10
5262,6,248,760,10
5263,1,248,745,10
5264,6,248,1659,10
5265,1,248,1536,10
5266,2,248,733,10
5267,2,248,2169,10
5268,1,248,2178,10
5269,3,248,1109,10
5270,2,248,1263,10
5271,2,248,1867,10
5272,1,248,49,10
5273,9,249,635,131
5274,25,249,217,73
5275,18,249,1579,73
5276,14,249,1,73
5277,12,249,2179,73
5278,19,249,644,73
5279,4,249,2180,73
5280,7,249,1396,73
5281,3,249,2181,73
5282,1,249,505,73
5283,1,249,2182,73
5284,8,249,239,73
5285,9,249,16,73
5286,1,249,1161,73
5287,2,249,2183,51
5288,9,249,1484,73
5289,10,249,2184,73
5290,13,249,177,73
5291,7,249,1430,73
5292,2,249,2185,184
5293,2,249,1678,73
5294,1,249,2186,73
5295,1,249,2187,73
5296,10,249,1444,73
5297,1,249,1526,73
5298,1,249,87,73
5299,2,249,1757,51
5300,1,249,2188,51
5301,4,249,666,51
5302,1,249,1441,73
5303,2,249,2189,73
5304,1,249,2190,73
5305,1,249,2191,73
5306,4,249,2192,73
5307,1,249,1576,73
5308,7,249,2193,73
5309,2,249,2194,73
5310,1,249,2195,73
5311,1,249,1764,51
5312,1,249,2196,51
5313,9,249,626,73
5314,2,249,2197,73
5315,4,249,1489,73
5316,2,249,2198,73
5317,8,249,1716,73
5318,6,249,1439,73
5319,12,249,8,73
5320,1,249,1438,184
5321,1,249,677,51
5322,1,249,2199,183
5323,1,249,2200,183
5324,1,249,2201,183
5325,1,249,2202,183
5326,6,249,2203,73
5327,1,249,1667,73
5328,1,249,1312,73
5329,1,249,668,51
5330,1,249,676,51
5331,4,249,2204,73
5332,1,249,1670,73
5333,1,249,2205,73
5334,5,249,1517,73
5335,2,249,1469,73
5336,1,249,770,73
5337,1,249,2206,73
5338,1,249,1405,73
5339,5,249,2207,73
5340,5,249,2208,73
5341,3,249,2209,73
5342,3,249,2210,73
5343,4,249,2211,73
5344,5,249,2212,73
5345,3,249,10,73
5346,2,249,1437,73
5347,2,249,674,133
5348,1,249,202,73
5349,1,249,1671,73
5350,1,249,2213,73
5351,1,249,2214,73
5352,1,249,2215,133
5353,7,249,643,73
5354,1,249,2216,73
5355,1,249,1688,73
5356,6,249,279,28
5357,1,249,2217,73
5358,1,249,1388,73
5359,4,250,1715,73
5360,2,250,49,73
5361,2,250,1348,73
5362,5,250,1609,73
5363,2,250,2218,73
5364,1,250,2219,73
5365,4,250,706,73
5366,1,250,928,73
5367,1,250,2220,73
5368,3,250,2221,73
5369,2,250,1312,73
5370,1,250,553,73
5371,1,250,2222,73
5372,1,250,2223,73
5373,1,250,2224,73
5374,1,250,2225,73
5375,1,250,2226,73
